<?xml version="1.0" encoding="UTF-8" standalone="yes"?>
<?aid style="50" type="document" readerVersion="6.0" featureSet="257" product="8.0(370)" ?>
<Document xmlns:idPkg="http://ns.adobe.com/AdobeInDesign/idml/1.0/packaging" DOMVersion="8.0" Self="d" StoryList="u131 u11b u147 u1a5 u1bb u296 u2d0 u2e7 u8f" ZeroPoint="0 0" ActiveLayer="uaf" CMYKProfile="U.S. Web Coated (SWOP) v2" RGBProfile="sRGB IEC61966-2.1" SolidColorIntent="UseColorSettings" AfterBlendingIntent="UseColorSettings" DefaultImageIntent="UseColorSettings" RGBPolicy="PreserveEmbeddedProfiles" CMYKPolicy="PreserveEmbeddedProfiles" AccurateLABSpots="false">
	<Properties>
		<Label>
			<KeyValuePair Key="kAdobeDPS_Version" Value="2" />
		</Label>
	</Properties>
	<Language Self="Language/$ID/English%3a USA" Name="$ID/English: USA" SingleQuotes="‘’" DoubleQuotes="“”" PrimaryLanguageName="$ID/English" SublanguageName="$ID/USA" Id="269" HyphenationVendor="Hunspell" SpellingVendor="Hunspell" />
	<idPkg:Graphic src="Resources/Graphic.xml" />
	<idPkg:Fonts src="Resources/Fonts.xml" />
	<idPkg:Styles src="Resources/Styles.xml" />
	<NumberingList Self="NumberingList/$ID/[Default]" Name="$ID/[Default]" ContinueNumbersAcrossStories="false" ContinueNumbersAcrossDocuments="false" />
	<NamedGrid Self="NamedGrid/$ID/[Page Grid]" Name="$ID/[Page Grid]">
		<GridDataInformation FontStyle="Regular" PointSize="12" CharacterAki="0" LineAki="9" HorizontalScale="100" VerticalScale="100" LineAlignment="LeftOrTopLineJustify" GridAlignment="AlignEmCenter" CharacterAlignment="AlignEmCenter">
			<Properties>
				<AppliedFont type="string">Minion Pro</AppliedFont>
			</Properties>
		</GridDataInformation>
	</NamedGrid>
	<idPkg:Preferences src="Resources/Preferences.xml" />
	<LinkedStoryOption UpdateWhileSaving="false" WarnOnUpdateOfEditedStory="true" RemoveForcedLineBreaks="false" ApplyStyleMappings="false" />
	<LinkedPageItemOption UpdateLinkWhileSaving="false" WarnOnUpdateOfEditedPageItem="true" PreserveSizeAndShape="false" PreserveAppearance="false" PreserveInteractivity="false" PreserveFrameContent="false" PreserveOthers="false" />
	<TaggedPDFPreference StructureOrder="UseXMLStructure" />
	<WatermarkPreference WatermarkVisibility="false" WatermarkDoPrint="false" WatermarkDrawInBack="true" WatermarkText="" WatermarkFontFamily="Minion Pro" WatermarkFontStyle="Regular" WatermarkFontPointSize="48" WatermarkOpacity="50" WatermarkRotation="0" WatermarkHorizontalPosition="WatermarkHCenter" WatermarkHorizontalOffset="0" WatermarkVerticalPosition="WatermarkVCenter" WatermarkVerticalOffset="0">
		<Properties>
			<WatermarkFontColor type="enumeration">Black</WatermarkFontColor>
		</Properties>
	</WatermarkPreference>
	<ConditionalTextPreference ShowConditionIndicators="ShowIndicators" ActiveConditionSet="n" />
	<TextVariable Self="dTextVariablen&lt;?AID 001b?&gt;TV XRefChapterNumber" Name="&lt;?AID 001b?&gt;TV XRefChapterNumber" VariableType="XrefChapterNumberType" />
	<TextVariable Self="dTextVariablen&lt;?AID 001b?&gt;TV XRefPageNumber" Name="&lt;?AID 001b?&gt;TV XRefPageNumber" VariableType="XrefPageNumberType" />
	<TextVariable Self="dTextVariablenChapter Number" Name="Chapter Number" VariableType="ChapterNumberType">
		<ChapterNumberVariablePreference TextBefore="" Format="Current" TextAfter="" />
	</TextVariable>
	<TextVariable Self="dTextVariablenCreation Date" Name="Creation Date" VariableType="CreationDateType">
		<DateVariablePreference TextBefore="" Format="MM/dd/yy" TextAfter="" />
	</TextVariable>
	<TextVariable Self="dTextVariablenFile Name" Name="File Name" VariableType="FileNameType">
		<FileNameVariablePreference TextBefore="" IncludePath="false" IncludeExtension="false" TextAfter="" />
	</TextVariable>
	<TextVariable Self="dTextVariablenImage Name" Name="Image Name" VariableType="LiveCaptionType">
		<CaptionMetadataVariablePreference TextBefore="" MetadataProviderName="$ID/#LinkInfoNameStr" TextAfter="" />
	</TextVariable>
	<TextVariable Self="dTextVariablenLast Page Number" Name="Last Page Number" VariableType="LastPageNumberType">
		<PageNumberVariablePreference TextBefore="" Format="Current" TextAfter="" Scope="SectionScope" />
	</TextVariable>
	<TextVariable Self="dTextVariablenModification Date" Name="Modification Date" VariableType="ModificationDateType">
		<DateVariablePreference TextBefore="" Format="MMMM d, yyyy h:mm aa" TextAfter="" />
	</TextVariable>
	<TextVariable Self="dTextVariablenOutput Date" Name="Output Date" VariableType="OutputDateType">
		<DateVariablePreference TextBefore="" Format="MM/dd/yy" TextAfter="" />
	</TextVariable>
	<TextVariable Self="dTextVariablenRunning Header" Name="Running Header" VariableType="MatchParagraphStyleType">
		<MatchParagraphStylePreference TextBefore="" TextAfter="" AppliedParagraphStyle="ParagraphStyle/$ID/NormalParagraphStyle" SearchStrategy="FirstOnPage" ChangeCase="None" DeleteEndPunctuation="false" />
	</TextVariable>
	<idPkg:Tags src="XML/Tags.xml" />
	<Layer Self="uaf" Name="Layer 1" Visible="true" Locked="false" IgnoreWrap="false" ShowGuides="true" LockGuides="false" UI="true" Expendable="true" Printable="true">
		<Properties>
			<LayerColor type="enumeration">LightBlue</LayerColor>
		</Properties>
	</Layer>
	<idPkg:MasterSpread src="MasterSpreads/MasterSpread_ub0.xml" />
	<idPkg:Spread src="Spreads/Spread_ue6.xml" />
	<Section Self="uab" Length="1" AlternateLayoutLength="1" AlternateLayout="Letter V" Pagination="AutoPaginate" PaginationMaster="n" Name="" ContinueNumbering="true" IncludeSectionPrefix="false" Marker="" PageStart="ueb" SectionPrefix="">
		<Properties>
			<PageNumberStyle type="enumeration">Arabic</PageNumberStyle>
		</Properties>
	</Section>
	<DocumentUser Self="dDocumentUser0" UserName="$ID/Unknown User Name">
		<Properties>
			<UserColor type="enumeration">Gold</UserColor>
		</Properties>
	</DocumentUser>
	<CrossReferenceFormat Self="u188" Name="Full Paragraph &amp; Page Number" AppliedCharacterStyle="n">
		<BuildingBlock Self="u188BuildingBlock0" BlockType="CustomStringBuildingBlock" AppliedCharacterStyle="n" CustomText="&quot;" AppliedDelimiter="$ID/" IncludeDelimiter="false" />
		<BuildingBlock Self="u188BuildingBlock1" BlockType="FullParagraphBuildingBlock" AppliedCharacterStyle="n" CustomText="$ID/" AppliedDelimiter="$ID/" IncludeDelimiter="false" />
		<BuildingBlock Self="u188BuildingBlock2" BlockType="CustomStringBuildingBlock" AppliedCharacterStyle="n" CustomText="&quot; on page " AppliedDelimiter="$ID/" IncludeDelimiter="false" />
		<BuildingBlock Self="u188BuildingBlock3" BlockType="PageNumberBuildingBlock" AppliedCharacterStyle="n" CustomText="$ID/" AppliedDelimiter="$ID/" IncludeDelimiter="false" />
	</CrossReferenceFormat>
	<CrossReferenceFormat Self="u189" Name="Full Paragraph" AppliedCharacterStyle="n">
		<BuildingBlock Self="u189BuildingBlock0" BlockType="CustomStringBuildingBlock" AppliedCharacterStyle="n" CustomText="&quot;" AppliedDelimiter="$ID/" IncludeDelimiter="false" />
		<BuildingBlock Self="u189BuildingBlock1" BlockType="FullParagraphBuildingBlock" AppliedCharacterStyle="n" CustomText="$ID/" AppliedDelimiter="$ID/" IncludeDelimiter="false" />
		<BuildingBlock Self="u189BuildingBlock2" BlockType="CustomStringBuildingBlock" AppliedCharacterStyle="n" CustomText="&quot;" AppliedDelimiter="$ID/" IncludeDelimiter="false" />
	</CrossReferenceFormat>
	<CrossReferenceFormat Self="u18a" Name="Paragraph Text &amp; Page Number" AppliedCharacterStyle="n">
		<BuildingBlock Self="u18aBuildingBlock0" BlockType="CustomStringBuildingBlock" AppliedCharacterStyle="n" CustomText="&quot;" AppliedDelimiter="$ID/" IncludeDelimiter="false" />
		<BuildingBlock Self="u18aBuildingBlock1" BlockType="ParagraphTextBuildingBlock" AppliedCharacterStyle="n" CustomText="$ID/" AppliedDelimiter="$ID/" IncludeDelimiter="false" />
		<BuildingBlock Self="u18aBuildingBlock2" BlockType="CustomStringBuildingBlock" AppliedCharacterStyle="n" CustomText="&quot; on page " AppliedDelimiter="$ID/" IncludeDelimiter="false" />
		<BuildingBlock Self="u18aBuildingBlock3" BlockType="PageNumberBuildingBlock" AppliedCharacterStyle="n" CustomText="$ID/" AppliedDelimiter="$ID/" IncludeDelimiter="false" />
	</CrossReferenceFormat>
	<CrossReferenceFormat Self="u18b" Name="Paragraph Text" AppliedCharacterStyle="n">
		<BuildingBlock Self="u18bBuildingBlock0" BlockType="CustomStringBuildingBlock" AppliedCharacterStyle="n" CustomText="&quot;" AppliedDelimiter="$ID/" IncludeDelimiter="false" />
		<BuildingBlock Self="u18bBuildingBlock1" BlockType="ParagraphTextBuildingBlock" AppliedCharacterStyle="n" CustomText="$ID/" AppliedDelimiter="$ID/" IncludeDelimiter="false" />
		<BuildingBlock Self="u18bBuildingBlock2" BlockType="CustomStringBuildingBlock" AppliedCharacterStyle="n" CustomText="&quot;" AppliedDelimiter="$ID/" IncludeDelimiter="false" />
	</CrossReferenceFormat>
	<CrossReferenceFormat Self="u18c" Name="Paragraph Number &amp; Page Number" AppliedCharacterStyle="n">
		<BuildingBlock Self="u18cBuildingBlock0" BlockType="ParagraphNumberBuildingBlock" AppliedCharacterStyle="n" CustomText="$ID/" AppliedDelimiter="$ID/" IncludeDelimiter="false" />
		<BuildingBlock Self="u18cBuildingBlock1" BlockType="CustomStringBuildingBlock" AppliedCharacterStyle="n" CustomText=" on page " AppliedDelimiter="$ID/" IncludeDelimiter="false" />
		<BuildingBlock Self="u18cBuildingBlock2" BlockType="PageNumberBuildingBlock" AppliedCharacterStyle="n" CustomText="$ID/" AppliedDelimiter="$ID/" IncludeDelimiter="false" />
	</CrossReferenceFormat>
	<CrossReferenceFormat Self="u18d" Name="Paragraph Number" AppliedCharacterStyle="n">
		<BuildingBlock Self="u18dBuildingBlock0" BlockType="ParagraphNumberBuildingBlock" AppliedCharacterStyle="n" CustomText="$ID/" AppliedDelimiter="$ID/" IncludeDelimiter="false" />
	</CrossReferenceFormat>
	<CrossReferenceFormat Self="u18e" Name="Text Anchor Name &amp; Page Number" AppliedCharacterStyle="n">
		<BuildingBlock Self="u18eBuildingBlock0" BlockType="CustomStringBuildingBlock" AppliedCharacterStyle="n" CustomText="&quot;" AppliedDelimiter="$ID/" IncludeDelimiter="false" />
		<BuildingBlock Self="u18eBuildingBlock1" BlockType="BookmarkNameBuildingBlock" AppliedCharacterStyle="n" CustomText="$ID/" AppliedDelimiter="$ID/" IncludeDelimiter="false" />
		<BuildingBlock Self="u18eBuildingBlock2" BlockType="CustomStringBuildingBlock" AppliedCharacterStyle="n" CustomText="&quot; on page " AppliedDelimiter="$ID/" IncludeDelimiter="false" />
		<BuildingBlock Self="u18eBuildingBlock3" BlockType="PageNumberBuildingBlock" AppliedCharacterStyle="n" CustomText="$ID/" AppliedDelimiter="$ID/" IncludeDelimiter="false" />
	</CrossReferenceFormat>
	<CrossReferenceFormat Self="u18f" Name="Text Anchor Name" AppliedCharacterStyle="n">
		<BuildingBlock Self="u18fBuildingBlock0" BlockType="CustomStringBuildingBlock" AppliedCharacterStyle="n" CustomText="&quot;" AppliedDelimiter="$ID/" IncludeDelimiter="false" />
		<BuildingBlock Self="u18fBuildingBlock1" BlockType="BookmarkNameBuildingBlock" AppliedCharacterStyle="n" CustomText="$ID/" AppliedDelimiter="$ID/" IncludeDelimiter="false" />
		<BuildingBlock Self="u18fBuildingBlock2" BlockType="CustomStringBuildingBlock" AppliedCharacterStyle="n" CustomText="&quot;" AppliedDelimiter="$ID/" IncludeDelimiter="false" />
	</CrossReferenceFormat>
	<CrossReferenceFormat Self="u190" Name="Page Number" AppliedCharacterStyle="n">
		<BuildingBlock Self="u190BuildingBlock0" BlockType="CustomStringBuildingBlock" AppliedCharacterStyle="n" CustomText="page " AppliedDelimiter="$ID/" IncludeDelimiter="false" />
		<BuildingBlock Self="u190BuildingBlock1" BlockType="PageNumberBuildingBlock" AppliedCharacterStyle="n" CustomText="$ID/" AppliedDelimiter="$ID/" IncludeDelimiter="false" />
	</CrossReferenceFormat>
	<idPkg:BackingStory src="XML/BackingStory.xml" />
	<idPkg:Story src="Stories/Story_u2e7.xml" />
	<idPkg:Story src="Stories/Story_u2d0.xml" />
	<idPkg:Story src="Stories/Story_u296.xml" />
	<idPkg:Story src="Stories/Story_u1bb.xml" />
	<idPkg:Story src="Stories/Story_u1a5.xml" />
	<idPkg:Story src="Stories/Story_u147.xml" />
	<idPkg:Story src="Stories/Story_u11b.xml" />
	<idPkg:Story src="Stories/Story_u131.xml" />
	<IndexingSortOption Self="dIndexingSortOptionnkIndexGroup_Symbol" Name="$ID/kIndexGroup_Symbol" Include="true" Priority="0" HeaderType="Nothing" />
	<IndexingSortOption Self="dIndexingSortOptionnkIndexGroup_Alphabet" Name="$ID/kIndexGroup_Alphabet" Include="true" Priority="1" HeaderType="BasicLatin" />
	<IndexingSortOption Self="dIndexingSortOptionnkIndexGroup_Numeric" Name="$ID/kIndexGroup_Numeric" Include="false" Priority="2" HeaderType="Nothing" />
	<IndexingSortOption Self="dIndexingSortOptionnkWRIndexGroup_GreekAlphabet" Name="$ID/kWRIndexGroup_GreekAlphabet" Include="false" Priority="3" HeaderType="Nothing" />
	<IndexingSortOption Self="dIndexingSortOptionnkWRIndexGroup_CyrillicAlphabet" Name="$ID/kWRIndexGroup_CyrillicAlphabet" Include="false" Priority="4" HeaderType="Russian" />
	<IndexingSortOption Self="dIndexingSortOptionnkIndexGroup_Kana" Name="$ID/kIndexGroup_Kana" Include="false" Priority="5" HeaderType="HiraganaAll" />
	<IndexingSortOption Self="dIndexingSortOptionnkIndexGroup_Chinese" Name="$ID/kIndexGroup_Chinese" Include="false" Priority="6" HeaderType="ChinesePinyin" />
	<IndexingSortOption Self="dIndexingSortOptionnkIndexGroup_Korean" Name="$ID/kIndexGroup_Korean" Include="false" Priority="7" HeaderType="KoreanConsonant" />
	<IndexingSortOption Self="dIndexingSortOptionnkWRIndexGroup_ArabicAlphabet" Name="$ID/kWRIndexGroup_ArabicAlphabet" Include="false" Priority="8" HeaderType="Nothing" />
	<IndexingSortOption Self="dIndexingSortOptionnkWRIndexGroup_HebrewAlphabet" Name="$ID/kWRIndexGroup_HebrewAlphabet" Include="false" Priority="9" HeaderType="Nothing" />
	<ABullet Self="dABullet0" CharacterType="UnicodeOnly" CharacterValue="8226">
		<Properties>
			<BulletsFont type="string">$ID/</BulletsFont>
			<BulletsFontStyle type="string">$ID/</BulletsFontStyle>
		</Properties>
	</ABullet>
	<ABullet Self="dABullet1" CharacterType="UnicodeOnly" CharacterValue="42">
		<Properties>
			<BulletsFont type="string">$ID/</BulletsFont>
			<BulletsFontStyle type="string">$ID/</BulletsFontStyle>
		</Properties>
	</ABullet>
	<ABullet Self="dABullet2" CharacterType="UnicodeOnly" CharacterValue="9674">
		<Properties>
			<BulletsFont type="string">$ID/</BulletsFont>
			<BulletsFontStyle type="string">$ID/</BulletsFontStyle>
		</Properties>
	</ABullet>
	<ABullet Self="dABullet3" CharacterType="UnicodeWithFont" CharacterValue="187">
		<Properties>
			<BulletsFont type="string">Myriad Pro</BulletsFont>
			<BulletsFontStyle type="string">$ID/Regular</BulletsFontStyle>
		</Properties>
	</ABullet>
	<ABullet Self="dABullet4" CharacterType="GlyphWithFont" CharacterValue="503">
		<Properties>
			<BulletsFont type="string">Minion Pro</BulletsFont>
			<BulletsFontStyle type="string">$ID/Regular</BulletsFontStyle>
		</Properties>
	</ABullet>
	<Assignment Self="ube" Name="$ID/UnassignedInCopy" UserName="$ID/" ExportOptions="AssignedSpreads" IncludeLinksWhenPackage="true" FilePath="$ID/">
		<Properties>
			<FrameColor type="enumeration">Nothing</FrameColor>
		</Properties>
	</Assignment>
</Document>
