<?xml version="1.0" encoding="UTF-8" standalone="yes"?>
<idPkg:Fonts xmlns:idPkg="http://ns.adobe.com/AdobeInDesign/idml/1.0/packaging" DOMVersion="8.0">
	<FontFamily Self="di38" Name="Minion Pro">
		<Font Self="di38FontnMinion Pro Bold Cond" FontFamily="Minion Pro" Name="Minion Pro Bold Cond" PostScriptName="MinionPro-BoldCn" Status="Installed" FontStyleName="Bold Cond" FontType="OpenTypeCFF" WritingScript="0" FullName="Minion Pro Bold Cond" FullNameNative="Minion Pro Bold Cond" FontStyleNameNative="Bold Cond" PlatformName="$ID/" Version="Version 2.108;PS 2.000;hotconv 1.0.67;makeotf.lib2.5.33168" />
		<Font Self="di38FontnMinion Pro Bold Cond Italic" FontFamily="Minion Pro" Name="Minion Pro Bold Cond Italic" PostScriptName="MinionPro-BoldCnIt" Status="Installed" FontStyleName="Bold Cond Italic" FontType="OpenTypeCFF" WritingScript="0" FullName="Minion Pro Bold Cond Italic" FullNameNative="Minion Pro Bold Cond Italic" FontStyleNameNative="Bold Cond Italic" PlatformName="$ID/" Version="Version 2.108;PS 2.000;hotconv 1.0.67;makeotf.lib2.5.33168" />
		<Font Self="di38FontnMinion Pro Regular" FontFamily="Minion Pro" Name="Minion Pro Regular" PostScriptName="MinionPro-Regular" Status="Installed" FontStyleName="Regular" FontType="OpenTypeCFF" WritingScript="0" FullName="Minion Pro" FullNameNative="Minion Pro" FontStyleNameNative="Regular" PlatformName="$ID/" Version="Version 2.108;PS 2.000;hotconv 1.0.67;makeotf.lib2.5.33168" />
		<Font Self="di38FontnMinion Pro Italic" FontFamily="Minion Pro" Name="Minion Pro Italic" PostScriptName="MinionPro-It" Status="Installed" FontStyleName="Italic" FontType="OpenTypeCFF" WritingScript="0" FullName="Minion Pro Italic" FullNameNative="Minion Pro Italic" FontStyleNameNative="Italic" PlatformName="$ID/" Version="Version 2.108;PS 2.000;hotconv 1.0.67;makeotf.lib2.5.33168" />
		<Font Self="di38FontnMinion Pro Medium" FontFamily="Minion Pro" Name="Minion Pro Medium" PostScriptName="MinionPro-Medium" Status="Installed" FontStyleName="Medium" FontType="OpenTypeCFF" WritingScript="0" FullName="Minion Pro Medium" FullNameNative="Minion Pro Medium" FontStyleNameNative="Medium" PlatformName="$ID/" Version="Version 2.108;PS 2.000;hotconv 1.0.67;makeotf.lib2.5.33168" />
		<Font Self="di38FontnMinion Pro Medium Italic" FontFamily="Minion Pro" Name="Minion Pro Medium Italic" PostScriptName="MinionPro-MediumIt" Status="Installed" FontStyleName="Medium Italic" FontType="OpenTypeCFF" WritingScript="0" FullName="Minion Pro Medium Italic" FullNameNative="Minion Pro Medium Italic" FontStyleNameNative="Medium Italic" PlatformName="$ID/" Version="Version 2.108;PS 2.000;hotconv 1.0.67;makeotf.lib2.5.33168" />
		<Font Self="di38FontnMinion Pro Semibold" FontFamily="Minion Pro" Name="Minion Pro Semibold" PostScriptName="MinionPro-Semibold" Status="Installed" FontStyleName="Semibold" FontType="OpenTypeCFF" WritingScript="0" FullName="Minion Pro Semibold" FullNameNative="Minion Pro Semibold" FontStyleNameNative="Semibold" PlatformName="$ID/" Version="Version 2.108;PS 2.000;hotconv 1.0.67;makeotf.lib2.5.33168" />
		<Font Self="di38FontnMinion Pro Semibold Italic" FontFamily="Minion Pro" Name="Minion Pro Semibold Italic" PostScriptName="MinionPro-SemiboldIt" Status="Installed" FontStyleName="Semibold Italic" FontType="OpenTypeCFF" WritingScript="0" FullName="Minion Pro Semibold Italic" FullNameNative="Minion Pro Semibold Italic" FontStyleNameNative="Semibold Italic" PlatformName="$ID/" Version="Version 2.108;PS 2.000;hotconv 1.0.67;makeotf.lib2.5.33168" />
		<Font Self="di38FontnMinion Pro Bold" FontFamily="Minion Pro" Name="Minion Pro Bold" PostScriptName="MinionPro-Bold" Status="Installed" FontStyleName="Bold" FontType="OpenTypeCFF" WritingScript="0" FullName="Minion Pro Bold" FullNameNative="Minion Pro Bold" FontStyleNameNative="Bold" PlatformName="$ID/" Version="Version 2.108;PS 2.000;hotconv 1.0.67;makeotf.lib2.5.33168" />
		<Font Self="di38FontnMinion Pro Bold Italic" FontFamily="Minion Pro" Name="Minion Pro Bold Italic" PostScriptName="MinionPro-BoldIt" Status="Installed" FontStyleName="Bold Italic" FontType="OpenTypeCFF" WritingScript="0" FullName="Minion Pro Bold Italic" FullNameNative="Minion Pro Bold Italic" FontStyleNameNative="Bold Italic" PlatformName="$ID/" Version="Version 2.108;PS 2.000;hotconv 1.0.67;makeotf.lib2.5.33168" />
		<Font Self="di38FontnMinion Pro Cond" FontFamily="Minion Pro" Name="Minion Pro Cond" PostScriptName="MinionPro-Cn" Status="Substituted" FontStyleName="Cond" FontType="OpenTypeCFF" WritingScript="0" FullName="Minion Pro Cond" FullNameNative="Minion Pro Cond" FontStyleNameNative="Cond" PlatformName="$ID/" Version="Version 2.015;PS 002.000;Core 1.0.38;makeotf.lib1.7.9032" />
		<Font Self="di38FontnMinion Pro Cond Italic" FontFamily="Minion Pro" Name="Minion Pro Cond Italic" PostScriptName="MinionPro-CnIt" Status="Substituted" FontStyleName="Cond Italic" FontType="OpenTypeCFF" WritingScript="0" FullName="Minion Pro Cond Italic" FullNameNative="Minion Pro Cond Italic" FontStyleNameNative="Cond Italic" PlatformName="$ID/" Version="Version 2.015;PS 002.000;Core 1.0.38;makeotf.lib1.7.9032" />
		<Font Self="di38FontnMinion Pro Semibold Cond" FontFamily="Minion Pro" Name="Minion Pro Semibold Cond" PostScriptName="MinionPro-SemiboldCn" Status="Substituted" FontStyleName="Semibold Cond" FontType="OpenTypeCFF" WritingScript="0" FullName="Minion Pro Semibold Cond" FullNameNative="Minion Pro Semibold Cond" FontStyleNameNative="Semibold Cond" PlatformName="$ID/" Version="Version 2.015;PS 002.000;Core 1.0.38;makeotf.lib1.7.9032" />
		<Font Self="di38FontnMinion Pro Semibold Cond Italic" FontFamily="Minion Pro" Name="Minion Pro Semibold Cond Italic" PostScriptName="MinionPro-SemiboldCnIt" Status="Substituted" FontStyleName="Semibold Cond Italic" FontType="OpenTypeCFF" WritingScript="0" FullName="Minion Pro Semibold Cond Italic" FullNameNative="Minion Pro Semibold Cond Italic" FontStyleNameNative="Semibold Cond Italic" PlatformName="$ID/" Version="Version 2.015;PS 002.000;Core 1.0.38;makeotf.lib1.7.9032" />
	</FontFamily>
	<FontFamily Self="di85" Name="Myriad Pro">
		<Font Self="di85FontnMyriad Pro Condensed" FontFamily="Myriad Pro" Name="Myriad Pro Condensed" PostScriptName="MyriadPro-Cond" Status="Installed" FontStyleName="Condensed" FontType="OpenTypeCFF" WritingScript="0" FullName="Myriad Pro Condensed" FullNameNative="Myriad Pro Condensed" FontStyleNameNative="Condensed" PlatformName="$ID/" Version="Version 2.102;PS 2.000;hotconv 1.0.67;makeotf.lib2.5.33168" />
		<Font Self="di85FontnMyriad Pro Condensed Italic" FontFamily="Myriad Pro" Name="Myriad Pro Condensed Italic" PostScriptName="MyriadPro-CondIt" Status="Installed" FontStyleName="Condensed Italic" FontType="OpenTypeCFF" WritingScript="0" FullName="Myriad Pro Condensed Italic" FullNameNative="Myriad Pro Condensed Italic" FontStyleNameNative="Condensed Italic" PlatformName="$ID/" Version="Version 2.102;PS 2.000;hotconv 1.0.67;makeotf.lib2.5.33168" />
		<Font Self="di85FontnMyriad Pro Bold Condensed" FontFamily="Myriad Pro" Name="Myriad Pro Bold Condensed" PostScriptName="MyriadPro-BoldCond" Status="Installed" FontStyleName="Bold Condensed" FontType="OpenTypeCFF" WritingScript="0" FullName="Myriad Pro Bold Condensed" FullNameNative="Myriad Pro Bold Condensed" FontStyleNameNative="Bold Condensed" PlatformName="$ID/" Version="Version 2.102;PS 2.000;hotconv 1.0.67;makeotf.lib2.5.33168" />
		<Font Self="di85FontnMyriad Pro Bold Condensed Italic" FontFamily="Myriad Pro" Name="Myriad Pro Bold Condensed Italic" PostScriptName="MyriadPro-BoldCondIt" Status="Installed" FontStyleName="Bold Condensed Italic" FontType="OpenTypeCFF" WritingScript="0" FullName="Myriad Pro Bold Condensed Italic" FullNameNative="Myriad Pro Bold Condensed Italic" FontStyleNameNative="Bold Condensed Italic" PlatformName="$ID/" Version="Version 2.102;PS 2.000;hotconv 1.0.67;makeotf.lib2.5.33168" />
		<Font Self="di85FontnMyriad Pro Regular" FontFamily="Myriad Pro" Name="Myriad Pro Regular" PostScriptName="MyriadPro-Regular" Status="Installed" FontStyleName="Regular" FontType="OpenTypeCFF" WritingScript="0" FullName="Myriad Pro" FullNameNative="Myriad Pro" FontStyleNameNative="Regular" PlatformName="$ID/" Version="Version 2.102;PS 2.000;hotconv 1.0.67;makeotf.lib2.5.33168" />
		<Font Self="di85FontnMyriad Pro Italic" FontFamily="Myriad Pro" Name="Myriad Pro Italic" PostScriptName="MyriadPro-It" Status="Installed" FontStyleName="Italic" FontType="OpenTypeCFF" WritingScript="0" FullName="Myriad Pro Italic" FullNameNative="Myriad Pro Italic" FontStyleNameNative="Italic" PlatformName="$ID/" Version="Version 2.102;PS 2.000;hotconv 1.0.67;makeotf.lib2.5.33168" />
		<Font Self="di85FontnMyriad Pro Semibold" FontFamily="Myriad Pro" Name="Myriad Pro Semibold" PostScriptName="MyriadPro-Semibold" Status="Installed" FontStyleName="Semibold" FontType="OpenTypeCFF" WritingScript="0" FullName="Myriad Pro Semibold" FullNameNative="Myriad Pro Semibold" FontStyleNameNative="Semibold" PlatformName="$ID/" Version="Version 2.102;PS 2.000;hotconv 1.0.67;makeotf.lib2.5.33168" />
		<Font Self="di85FontnMyriad Pro Semibold Italic" FontFamily="Myriad Pro" Name="Myriad Pro Semibold Italic" PostScriptName="MyriadPro-SemiboldIt" Status="Installed" FontStyleName="Semibold Italic" FontType="OpenTypeCFF" WritingScript="0" FullName="Myriad Pro Semibold Italic" FullNameNative="Myriad Pro Semibold Italic" FontStyleNameNative="Semibold Italic" PlatformName="$ID/" Version="Version 2.102;PS 2.000;hotconv 1.0.67;makeotf.lib2.5.33168" />
		<Font Self="di85FontnMyriad Pro Bold" FontFamily="Myriad Pro" Name="Myriad Pro Bold" PostScriptName="MyriadPro-Bold" Status="Installed" FontStyleName="Bold" FontType="OpenTypeCFF" WritingScript="0" FullName="Myriad Pro Bold" FullNameNative="Myriad Pro Bold" FontStyleNameNative="Bold" PlatformName="$ID/" Version="Version 2.102;PS 2.000;hotconv 1.0.67;makeotf.lib2.5.33168" />
		<Font Self="di85FontnMyriad Pro Bold Italic" FontFamily="Myriad Pro" Name="Myriad Pro Bold Italic" PostScriptName="MyriadPro-BoldIt" Status="Installed" FontStyleName="Bold Italic" FontType="OpenTypeCFF" WritingScript="0" FullName="Myriad Pro Bold Italic" FullNameNative="Myriad Pro Bold Italic" FontStyleNameNative="Bold Italic" PlatformName="$ID/" Version="Version 2.102;PS 2.000;hotconv 1.0.67;makeotf.lib2.5.33168" />
		<Font Self="di85FontnMyriad Pro Light Condensed" FontFamily="Myriad Pro" Name="Myriad Pro Light Condensed" PostScriptName="MyriadPro-LightCond" Status="Substituted" FontStyleName="Light Condensed" FontType="OpenTypeCFF" WritingScript="0" FullName="Myriad Pro Light Condensed" FullNameNative="Myriad Pro Light Condensed" FontStyleNameNative="Light Condensed" PlatformName="$ID/" Version="Version 2.007;PS 002.000;Core 1.0.38;makeotf.lib1.7.9032" />
		<Font Self="di85FontnMyriad Pro Light Condensed Italic" FontFamily="Myriad Pro" Name="Myriad Pro Light Condensed Italic" PostScriptName="MyriadPro-LightCondIt" Status="Substituted" FontStyleName="Light Condensed Italic" FontType="OpenTypeCFF" WritingScript="0" FullName="Myriad Pro Light Condensed Italic" FullNameNative="Myriad Pro Light Condensed Italic" FontStyleNameNative="Light Condensed Italic" PlatformName="$ID/" Version="Version 2.007;PS 002.000;Core 1.0.38;makeotf.lib1.7.9032" />
		<Font Self="di85FontnMyriad Pro Semibold Condensed" FontFamily="Myriad Pro" Name="Myriad Pro Semibold Condensed" PostScriptName="MyriadPro-SemiboldCond" Status="Substituted" FontStyleName="Semibold Condensed" FontType="OpenTypeCFF" WritingScript="0" FullName="Myriad Pro Semibold Condensed" FullNameNative="Myriad Pro Semibold Condensed" FontStyleNameNative="Semibold Condensed" PlatformName="$ID/" Version="Version 2.007;PS 002.000;Core 1.0.38;makeotf.lib1.7.9032" />
		<Font Self="di85FontnMyriad Pro Semibold Condensed Italic" FontFamily="Myriad Pro" Name="Myriad Pro Semibold Condensed Italic" PostScriptName="MyriadPro-SemiboldCondIt" Status="Substituted" FontStyleName="Semibold Condensed Italic" FontType="OpenTypeCFF" WritingScript="0" FullName="Myriad Pro Semibold Condensed Italic" FullNameNative="Myriad Pro Semibold Condensed Italic" FontStyleNameNative="Semibold Condensed Italic" PlatformName="$ID/" Version="Version 2.007;PS 002.000;Core 1.0.38;makeotf.lib1.7.9032" />
		<Font Self="di85FontnMyriad Pro Black Condensed" FontFamily="Myriad Pro" Name="Myriad Pro Black Condensed" PostScriptName="MyriadPro-BlackCond" Status="Substituted" FontStyleName="Black Condensed" FontType="OpenTypeCFF" WritingScript="0" FullName="Myriad Pro Black Condensed" FullNameNative="Myriad Pro Black Condensed" FontStyleNameNative="Black Condensed" PlatformName="$ID/" Version="Version 2.007;PS 002.000;Core 1.0.38;makeotf.lib1.7.9032" />
		<Font Self="di85FontnMyriad Pro Black Condensed Italic" FontFamily="Myriad Pro" Name="Myriad Pro Black Condensed Italic" PostScriptName="MyriadPro-BlackCondIt" Status="Substituted" FontStyleName="Black Condensed Italic" FontType="OpenTypeCFF" WritingScript="0" FullName="Myriad Pro Black Condensed Italic" FullNameNative="Myriad Pro Black Condensed Italic" FontStyleNameNative="Black Condensed Italic" PlatformName="$ID/" Version="Version 2.007;PS 002.000;Core 1.0.38;makeotf.lib1.7.9032" />
	</FontFamily>
	<FontFamily Self="dicb" Name="Kozuka Mincho Pr6N">
		<Font Self="dicbFontnKozuka Mincho Pr6N EL" FontFamily="Kozuka Mincho Pr6N" Name="Kozuka Mincho Pr6N EL" PostScriptName="KozMinPr6N-ExtraLight" Status="Installed" FontStyleName="EL" FontType="OpenTypeCID" WritingScript="1" FullName="Kozuka Mincho Pr6N EL" FullNameNative="小塚明朝 Pr6N EL" FontStyleNameNative="EL" PlatformName="$ID/" Version="Version 6.014;PS 6.002;hotconv 1.0.67;makeotf.lib2.5.33168" />
		<Font Self="dicbFontnKozuka Mincho Pr6N L" FontFamily="Kozuka Mincho Pr6N" Name="Kozuka Mincho Pr6N L" PostScriptName="KozMinPr6N-Light" Status="Installed" FontStyleName="L" FontType="OpenTypeCID" WritingScript="1" FullName="Kozuka Mincho Pr6N L" FullNameNative="小塚明朝 Pr6N L" FontStyleNameNative="L" PlatformName="$ID/" Version="Version 6.014;PS 6.002;hotconv 1.0.67;makeotf.lib2.5.33168" />
		<Font Self="dicbFontnKozuka Mincho Pr6N R" FontFamily="Kozuka Mincho Pr6N" Name="Kozuka Mincho Pr6N R" PostScriptName="KozMinPr6N-Regular" Status="Installed" FontStyleName="R" FontType="OpenTypeCID" WritingScript="1" FullName="Kozuka Mincho Pr6N R" FullNameNative="小塚明朝 Pr6N R" FontStyleNameNative="R" PlatformName="$ID/" Version="Version 6.014;PS 6.002;hotconv 1.0.67;makeotf.lib2.5.33168" />
		<Font Self="dicbFontnKozuka Mincho Pr6N M" FontFamily="Kozuka Mincho Pr6N" Name="Kozuka Mincho Pr6N M" PostScriptName="KozMinPr6N-Medium" Status="Installed" FontStyleName="M" FontType="OpenTypeCID" WritingScript="1" FullName="Kozuka Mincho Pr6N M" FullNameNative="小塚明朝 Pr6N M" FontStyleNameNative="M" PlatformName="$ID/" Version="Version 6.014;PS 6.002;hotconv 1.0.67;makeotf.lib2.5.33168" />
		<Font Self="dicbFontnKozuka Mincho Pr6N B" FontFamily="Kozuka Mincho Pr6N" Name="Kozuka Mincho Pr6N B" PostScriptName="KozMinPr6N-Bold" Status="Installed" FontStyleName="B" FontType="OpenTypeCID" WritingScript="1" FullName="Kozuka Mincho Pr6N B" FullNameNative="小塚明朝 Pr6N B" FontStyleNameNative="B" PlatformName="$ID/" Version="Version 6.014;PS 6.002;hotconv 1.0.67;makeotf.lib2.5.33168" />
		<Font Self="dicbFontnKozuka Mincho Pr6N H" FontFamily="Kozuka Mincho Pr6N" Name="Kozuka Mincho Pr6N H" PostScriptName="KozMinPr6N-Heavy" Status="Installed" FontStyleName="H" FontType="OpenTypeCID" WritingScript="1" FullName="Kozuka Mincho Pr6N H" FullNameNative="小塚明朝 Pr6N H" FontStyleNameNative="H" PlatformName="$ID/" Version="Version 6.014;PS 6.002;hotconv 1.0.67;makeotf.lib2.5.33168" />
	</FontFamily>
	<FontFamily Self="dicc" Name="Neutra Display">
		<Font Self="diccFontnNeutra Display Medium" FontFamily="Neutra Display" Name="Neutra Display Medium" PostScriptName="NeutraDisp-Medium" Status="Installed" FontStyleName="Medium" FontType="OpenTypeCFF" WritingScript="0" FullName="Neutra Display Thin Medium" FullNameNative="Neutra Display Thin Medium" FontStyleNameNative="Medium" PlatformName="$ID/" Version="OTF 1.001;PS 001.000;Core 1.0.29" />
		<Font Self="diccFontnNeutra Display Bold" FontFamily="Neutra Display" Name="Neutra Display Bold" PostScriptName="NeutraDisp-Bold" Status="Installed" FontStyleName="Bold" FontType="OpenTypeCFF" WritingScript="0" FullName="Neutra Display Bold" FullNameNative="Neutra Display Bold" FontStyleNameNative="Bold" PlatformName="$ID/" Version="OTF 1.001;PS 001.000;Core 1.0.29" />
		<Font Self="diccFontnNeutra Display Thin" FontFamily="Neutra Display" Name="Neutra Display Thin" PostScriptName="NeutraDisp-Thin" Status="Substituted" FontStyleName="Thin" FontType="OpenTypeCFF" WritingScript="0" FullName="Neutra Display Thin" FullNameNative="Neutra Display Thin" FontStyleNameNative="Thin" PlatformName="$ID/" Version="OTF 1.001;PS 001.000;Core 1.0.29" />
		<Font Self="diccFontnNeutra Display Thin Alt" FontFamily="Neutra Display" Name="Neutra Display Thin Alt" PostScriptName="NeutraDisp-ThinAlt" Status="Substituted" FontStyleName="Thin Alt" FontType="OpenTypeCFF" WritingScript="0" FullName="Neutra Display Thin Alt" FullNameNative="Neutra Display Thin Alt" FontStyleNameNative="Thin Alt" PlatformName="$ID/" Version="OTF 1.001;PS 001.000;Core 1.0.29" />
		<Font Self="diccFontnNeutra Display Light" FontFamily="Neutra Display" Name="Neutra Display Light" PostScriptName="NeutraDisp-Light" Status="Substituted" FontStyleName="Light" FontType="OpenTypeCFF" WritingScript="0" FullName="Neutra Display Light" FullNameNative="Neutra Display Light" FontStyleNameNative="Light" PlatformName="$ID/" Version="OTF 1.001;PS 001.000;Core 1.0.29" />
		<Font Self="diccFontnNeutra Display Light Alt" FontFamily="Neutra Display" Name="Neutra Display Light Alt" PostScriptName="NeutraDisp-LightAlt" Status="Substituted" FontStyleName="Light Alt" FontType="OpenTypeCFF" WritingScript="0" FullName="Neutra Display Alt Light" FullNameNative="Neutra Display Alt Light" FontStyleNameNative="Light Alt" PlatformName="$ID/" Version="OTF 1.001;PS 001.000;Core 1.0.29" />
		<Font Self="diccFontnNeutra Display Drafting" FontFamily="Neutra Display" Name="Neutra Display Drafting" PostScriptName="NeutraDisp-Drafting" Status="Substituted" FontStyleName="Drafting" FontType="OpenTypeCFF" WritingScript="0" FullName="Neutra Display Drafting" FullNameNative="Neutra Display Drafting" FontStyleNameNative="Drafting" PlatformName="$ID/" Version="OTF 1.500;PS 001.000;Core 1.0.29" />
		<Font Self="diccFontnNeutra Display Drafting Alt" FontFamily="Neutra Display" Name="Neutra Display Drafting Alt" PostScriptName="NeutraDisp-DraftingAlt" Status="Substituted" FontStyleName="Drafting Alt" FontType="OpenTypeCFF" WritingScript="0" FullName="Neutra Display Drafting Alt" FullNameNative="Neutra Display Drafting Alt" FontStyleNameNative="Drafting Alt" PlatformName="$ID/" Version="OTF 1.500;PS 001.000;Core 1.0.29" />
		<Font Self="diccFontnNeutra Display Titling" FontFamily="Neutra Display" Name="Neutra Display Titling" PostScriptName="NeutraDisp-Titling" Status="Substituted" FontStyleName="Titling" FontType="OpenTypeCFF" WritingScript="0" FullName="Neutra Display Titling" FullNameNative="Neutra Display Titling" FontStyleNameNative="Titling" PlatformName="$ID/" Version="OTF 1.001;PS 001.000;Core 1.0.29" />
		<Font Self="diccFontnNeutra Display Medium Alt" FontFamily="Neutra Display" Name="Neutra Display Medium Alt" PostScriptName="NeutraDisp-MediumAlt" Status="Substituted" FontStyleName="Medium Alt" FontType="OpenTypeCFF" WritingScript="0" FullName="Neutra Display Thin Alt Medium" FullNameNative="Neutra Display Thin Alt Medium" FontStyleNameNative="Medium Alt" PlatformName="$ID/" Version="OTF 1.001;PS 001.000;Core 1.0.29" />
		<Font Self="diccFontnNeutra Display Numerals" FontFamily="Neutra Display" Name="Neutra Display Numerals" PostScriptName="NeutraDisp-Num" Status="Substituted" FontStyleName="Numerals" FontType="OpenTypeCFF" WritingScript="0" FullName="Neutra Display Numerals" FullNameNative="Neutra Display Numerals" FontStyleNameNative="Numerals" PlatformName="$ID/" Version="OTF 1.001;PS 001.000;Core 1.0.29" />
		<Font Self="diccFontnNeutra Display Numerals Alt" FontFamily="Neutra Display" Name="Neutra Display Numerals Alt" PostScriptName="NeutraDisp-NumAlt" Status="Substituted" FontStyleName="Numerals Alt" FontType="OpenTypeCFF" WritingScript="0" FullName="Neutra Display Numerals Alt" FullNameNative="Neutra Display Numerals Alt" FontStyleNameNative="Numerals Alt" PlatformName="$ID/" Version="OTF 1.001;PS 001.000;Core 1.0.29" />
		<Font Self="diccFontnNeutra Display Bold Alt" FontFamily="Neutra Display" Name="Neutra Display Bold Alt" PostScriptName="NeutraDisp-BoldAlt" Status="Substituted" FontStyleName="Bold Alt" FontType="OpenTypeCFF" WritingScript="0" FullName="Neutra Display Alt Bold" FullNameNative="Neutra Display Alt Bold" FontStyleNameNative="Bold Alt" PlatformName="$ID/" Version="OTF 1.001;PS 001.000;Core 1.0.29" />
	</FontFamily>
	<FontFamily Self="dicd" Name="Gotham">
		<Font Self="dicdFontnGotham Thin" FontFamily="Gotham" Name="Gotham Thin" PostScriptName="Gotham-Thin" Status="Installed" FontStyleName="Thin" FontType="OpenTypeCFF" WritingScript="0" FullName="Gotham Thin" FullNameNative="Gotham Thin" FontStyleNameNative="Thin" PlatformName="$ID/" Version="Version 2.201 Pro" />
		<Font Self="dicdFontnGotham Thin Italic" FontFamily="Gotham" Name="Gotham Thin Italic" PostScriptName="Gotham-ThinItalic" Status="Installed" FontStyleName="Thin Italic" FontType="OpenTypeCFF" WritingScript="0" FullName="Gotham Thin Italic" FullNameNative="Gotham Thin Italic" FontStyleNameNative="Thin Italic" PlatformName="$ID/" Version="Version 2.201 Pro" />
		<Font Self="dicdFontnGotham Extra Light" FontFamily="Gotham" Name="Gotham Extra Light" PostScriptName="Gotham-ExtraLight" Status="Installed" FontStyleName="Extra Light" FontType="OpenTypeCFF" WritingScript="0" FullName="Gotham Extra Light" FullNameNative="Gotham Extra Light" FontStyleNameNative="Extra Light" PlatformName="$ID/" Version="Version 2.201 Pro" />
		<Font Self="dicdFontnGotham Extra Light Italic" FontFamily="Gotham" Name="Gotham Extra Light Italic" PostScriptName="Gotham-ExtraLightItalic" Status="Installed" FontStyleName="Extra Light Italic" FontType="OpenTypeCFF" WritingScript="0" FullName="Gotham Extra Light Italic" FullNameNative="Gotham Extra Light Italic" FontStyleNameNative="Extra Light Italic" PlatformName="$ID/" Version="Version 2.201 Pro" />
		<Font Self="dicdFontnGotham Light" FontFamily="Gotham" Name="Gotham Light" PostScriptName="Gotham-Light" Status="Installed" FontStyleName="Light" FontType="OpenTypeCFF" WritingScript="0" FullName="Gotham Light" FullNameNative="Gotham Light" FontStyleNameNative="Light" PlatformName="$ID/" Version="Version 2.201 Pro" />
		<Font Self="dicdFontnGotham Light Italic" FontFamily="Gotham" Name="Gotham Light Italic" PostScriptName="Gotham-LightItalic" Status="Installed" FontStyleName="Light Italic" FontType="OpenTypeCFF" WritingScript="0" FullName="Gotham Light Italic" FullNameNative="Gotham Light Italic" FontStyleNameNative="Light Italic" PlatformName="$ID/" Version="Version 2.201 Pro" />
		<Font Self="dicdFontnGotham Book" FontFamily="Gotham" Name="Gotham Book" PostScriptName="Gotham-Book" Status="Installed" FontStyleName="Book" FontType="OpenTypeCFF" WritingScript="0" FullName="Gotham Book" FullNameNative="Gotham Book" FontStyleNameNative="Book" PlatformName="$ID/" Version="Version 2.201 Pro" />
		<Font Self="dicdFontnGotham Book Italic" FontFamily="Gotham" Name="Gotham Book Italic" PostScriptName="Gotham-BookItalic" Status="Installed" FontStyleName="Book Italic" FontType="OpenTypeCFF" WritingScript="0" FullName="Gotham Book Italic" FullNameNative="Gotham Book Italic" FontStyleNameNative="Book Italic" PlatformName="$ID/" Version="Version 2.201 Pro" />
		<Font Self="dicdFontnGotham Medium" FontFamily="Gotham" Name="Gotham Medium" PostScriptName="Gotham-Medium" Status="Installed" FontStyleName="Medium" FontType="OpenTypeCFF" WritingScript="0" FullName="Gotham Medium" FullNameNative="Gotham Medium" FontStyleNameNative="Medium" PlatformName="$ID/" Version="Version 2.201 Pro" />
		<Font Self="dicdFontnGotham Medium Italic" FontFamily="Gotham" Name="Gotham Medium Italic" PostScriptName="Gotham-MediumItalic" Status="Installed" FontStyleName="Medium Italic" FontType="OpenTypeCFF" WritingScript="0" FullName="Gotham Medium Italic" FullNameNative="Gotham Medium Italic" FontStyleNameNative="Medium Italic" PlatformName="$ID/" Version="Version 2.201 Pro" />
		<Font Self="dicdFontnGotham Bold" FontFamily="Gotham" Name="Gotham Bold" PostScriptName="Gotham-Bold" Status="Installed" FontStyleName="Bold" FontType="OpenTypeCFF" WritingScript="0" FullName="Gotham Bold" FullNameNative="Gotham Bold" FontStyleNameNative="Bold" PlatformName="$ID/" Version="Version 2.201 Pro" />
		<Font Self="dicdFontnGotham Bold Italic" FontFamily="Gotham" Name="Gotham Bold Italic" PostScriptName="Gotham-BoldItalic" Status="Installed" FontStyleName="Bold Italic" FontType="OpenTypeCFF" WritingScript="0" FullName="Gotham Bold Italic" FullNameNative="Gotham Bold Italic" FontStyleNameNative="Bold Italic" PlatformName="$ID/" Version="Version 2.201 Pro" />
		<Font Self="dicdFontnGotham Black" FontFamily="Gotham" Name="Gotham Black" PostScriptName="Gotham-Black" Status="Installed" FontStyleName="Black" FontType="OpenTypeCFF" WritingScript="0" FullName="Gotham Black" FullNameNative="Gotham Black" FontStyleNameNative="Black" PlatformName="$ID/" Version="Version 2.201 Pro" />
		<Font Self="dicdFontnGotham Black Italic" FontFamily="Gotham" Name="Gotham Black Italic" PostScriptName="Gotham-BlackItalic" Status="Installed" FontStyleName="Black Italic" FontType="OpenTypeCFF" WritingScript="0" FullName="Gotham Black Italic" FullNameNative="Gotham Black Italic" FontStyleNameNative="Black Italic" PlatformName="$ID/" Version="Version 2.201 Pro" />
		<Font Self="dicdFontnGotham Ultra" FontFamily="Gotham" Name="Gotham Ultra" PostScriptName="Gotham-Ultra" Status="Installed" FontStyleName="Ultra" FontType="OpenTypeCFF" WritingScript="0" FullName="Gotham Ultra" FullNameNative="Gotham Ultra" FontStyleNameNative="Ultra" PlatformName="$ID/" Version="Version 2.201 Pro" />
		<Font Self="dicdFontnGotham Ultra Italic" FontFamily="Gotham" Name="Gotham Ultra Italic" PostScriptName="Gotham-UltraItalic" Status="Installed" FontStyleName="Ultra Italic" FontType="OpenTypeCFF" WritingScript="0" FullName="Gotham Ultra Italic" FullNameNative="Gotham Ultra Italic" FontStyleNameNative="Ultra Italic" PlatformName="$ID/" Version="Version 2.201 Pro" />
	</FontFamily>
	<FontFamily Self="dice" Name="Arial">
		<Font Self="diceFontnArial Narrow" FontFamily="Arial" Name="Arial Narrow" PostScriptName="ArialNarrow" Status="Installed" FontStyleName="Narrow" FontType="OpenTypeTT" WritingScript="0" FullName="Arial Narrow" FullNameNative="Arial Narrow" FontStyleNameNative="Narrow" PlatformName="$ID/" Version="Version 2.37" />
		<Font Self="diceFontnArial Regular" FontFamily="Arial" Name="Arial Regular" PostScriptName="ArialMT" Status="Installed" FontStyleName="Regular" FontType="OpenTypeTT" WritingScript="0" FullName="Arial" FullNameNative="Arial" FontStyleNameNative="Regular" PlatformName="$ID/" Version="Version 5.10" />
		<Font Self="diceFontnArial Italic" FontFamily="Arial" Name="Arial Italic" PostScriptName="Arial-ItalicMT" Status="Installed" FontStyleName="Italic" FontType="OpenTypeTT" WritingScript="0" FullName="Arial Italic" FullNameNative="Arial Italic" FontStyleNameNative="Italic" PlatformName="$ID/" Version="Version 5.08" />
		<Font Self="diceFontnArial Bold" FontFamily="Arial" Name="Arial Bold" PostScriptName="Arial-BoldMT" Status="Installed" FontStyleName="Bold" FontType="OpenTypeTT" WritingScript="0" FullName="Arial Bold" FullNameNative="Arial Bold" FontStyleNameNative="Bold" PlatformName="$ID/" Version="Version 5.08" />
		<Font Self="diceFontnArial Bold Italic" FontFamily="Arial" Name="Arial Bold Italic" PostScriptName="Arial-BoldItalicMT" Status="Installed" FontStyleName="Bold Italic" FontType="OpenTypeTT" WritingScript="0" FullName="Arial Bold Italic" FullNameNative="Arial Bold Italic" FontStyleNameNative="Bold Italic" PlatformName="$ID/" Version="Version 5.08" />
		<Font Self="diceFontnArial Black" FontFamily="Arial" Name="Arial Black" PostScriptName="Arial-Black" Status="Installed" FontStyleName="Black" FontType="OpenTypeTT" WritingScript="0" FullName="Arial Black" FullNameNative="Arial Black" FontStyleNameNative="Black" PlatformName="$ID/" Version="Version 5.06" />
	</FontFamily>
	<FontFamily Self="di1d1" Name="SS Social">
		<Font Self="di1d1FontnSS Social Regular" FontFamily="SS Social" Name="SS Social Regular" PostScriptName="SSSocialRegular" Status="Installed" FontStyleName="Regular" FontType="OpenTypeCFF" WritingScript="0" FullName="SS Social Regular" FullNameNative="SS Social Regular" FontStyleNameNative="Regular" PlatformName="$ID/" Version="Version 1.005" />
	</FontFamily>
	<CompositeFont Self="CompositeFont/$ID/[No composite font]" Name="$ID/[No composite font]">
		<CompositeFontEntry Self="u88" Name="$ID/Kanji" FontStyle="$ID/R" RelativeSize="100" HorizontalScale="100" VerticalScale="100" Locked="true" ScaleOption="true" BaselineShift="0">
			<Properties>
				<AppliedFont type="string">Kozuka Mincho Pr6N</AppliedFont>
			</Properties>
		</CompositeFontEntry>
		<CompositeFontEntry Self="u8a" Name="$ID/Kana" FontStyle="$ID/R" RelativeSize="100" HorizontalScale="100" VerticalScale="100" CustomCharacters="ぁあぃいぅうぇえぉおかがきぎくぐけげこごさざしじすずせぜそぞただちぢっつづてでとどなにぬねのはばぱひびぴふぶぷへべぺほぼぽまみむめもゃやゅゆょよらりるれろゎわゐゑをんゔゕゖゝゞァアィイゥウェエォオカガキギクグケゲコゴサザシジスズセゼソゾタダチヂッツヅテデトドナニヌネノハバパヒビピフブプヘベペホボポマミムメモャヤュユョヨラリルレロヮワヰヱヲンヴヵヶヷヸヹヺーヽヾ" Locked="true" ScaleOption="true" BaselineShift="0">
			<Properties>
				<AppliedFont type="string">Kozuka Mincho Pr6N</AppliedFont>
			</Properties>
		</CompositeFontEntry>
		<CompositeFontEntry Self="u8b" Name="$ID/Punctuation" FontStyle="$ID/R" RelativeSize="100" HorizontalScale="100" VerticalScale="100" CustomCharacters="—―‖‘’“”‥…′″∥、。〈〉《》「」『』【】〔〕〜・！（），．／：；？［］｛｝～" Locked="true" ScaleOption="true" BaselineShift="0">
			<Properties>
				<AppliedFont type="string">Kozuka Mincho Pr6N</AppliedFont>
			</Properties>
		</CompositeFontEntry>
		<CompositeFontEntry Self="u8c" Name="$ID/Symbols" FontStyle="$ID/R" RelativeSize="100" HorizontalScale="100" VerticalScale="100" CustomCharacters="¢£§¨¬°±´¶×÷ΑΒΓΔΕΖΗΘΙΚΛΜΝΞΟΠΡΣΤΥΦΧΨΩαβγδεζηθικλμνξοπρστυφχψωЁАБВГДЕЖЗИЙКЛМНОПРСТУФХЦЧШЩЪЫЬЭЮЯабвгдежзийклмнопрстуфхцчшщъыьэюяё‐†‡‰※℃Å←↑→↓⇒⇔∀∂∃∇∈∋−√∝∞∠∧∨∩∪∫∬∴∵∽≒≠≡≦≧≪≫⊂⊃⊆⊇⊥⌒■□▲△▼▽◆◇○◎●◯★☆♀♂♪♭♯〃〆〇〒〓゛゜＃＄％＆＊＋－０１２３４５６７８９＜＝＞＠ＡＢＣＤＥＦＧＨＩＪＫＬＭＮＯＰＱＲＳＴＵＶＷＸＹＺ＼＾＿｀ａｂｃｄｅｆｇｈｉｊｋｌｍｎｏｐｑｒｓｔｕｖｗｘｙｚ｜￠￡￢￣￥" Locked="true" ScaleOption="true" BaselineShift="0">
			<Properties>
				<AppliedFont type="string">Kozuka Mincho Pr6N</AppliedFont>
			</Properties>
		</CompositeFontEntry>
		<CompositeFontEntry Self="u8d" Name="$ID/Alphabetic" FontStyle="$ID/Regular" RelativeSize="100" HorizontalScale="100" VerticalScale="100" CustomCharacters=" !&quot;#$%&amp;&apos;()*+,-./:;&lt;=&gt;?@ABCDEFGHIJKLMNOPQRSTUVWXYZ[\]^_`abcdefghijklmnopqrstuvwxyz{|}~ ¡¤¥¦©ª«­®¯²³µ·¸¹º»¼½¾¿ÀÁÂÃÄÅÆÇÈÉÊËÌÍÎÏÐÑÒÓÔÕÖØÙÚÛÜÝÞßàáâãäåæçèéêëìíîïðñòóôõöøùúûüýþÿıŒœŠšŸŽžƒˆˇ˘˙˚˛˜˝–‚„•‹›⁄€™∆∏∑≈≤≥◊ﬀﬁﬂﬃﬄﬅﬆ" Locked="true" ScaleOption="false" BaselineShift="0">
			<Properties>
				<AppliedFont type="string">Minion Pro</AppliedFont>
			</Properties>
		</CompositeFontEntry>
		<CompositeFontEntry Self="u8e" Name="$ID/Numbers" FontStyle="$ID/Regular" RelativeSize="100" HorizontalScale="100" VerticalScale="100" CustomCharacters="0123456789" Locked="true" ScaleOption="false" BaselineShift="0">
			<Properties>
				<AppliedFont type="string">Minion Pro</AppliedFont>
			</Properties>
		</CompositeFontEntry>
	</CompositeFont>
</idPkg:Fonts>