<?xml version="1.0" encoding="UTF-8" standalone="yes"?>
<idPkg:Graphic xmlns:idPkg="http://ns.adobe.com/AdobeInDesign/idml/1.0/packaging" DOMVersion="8.0">
	<Color Self="Color/Black" Model="Process" Space="CMYK" ColorValue="0 0 0 100" ColorOverride="Specialblack" AlternateSpace="NoAlternateColor" AlternateColorValue="" Name="Black" ColorEditable="false" ColorRemovable="false" Visible="true" SwatchCreatorID="7937" />
	<Color Self="Color/Blue 633" Model="Process" Space="CMYK" ColorValue="80 40 30 5" ColorOverride="Normal" AlternateSpace="NoAlternateColor" AlternateColorValue="" Name="Blue 633" ColorEditable="true" ColorRemovable="true" Visible="true" SwatchCreatorID="7937" />
	<Color Self="Color/Cool Gray 3 U" Model="Process" Space="CMYK" ColorValue="0 5 10 20" ColorOverride="Normal" AlternateSpace="NoAlternateColor" AlternateColorValue="" Name="Cool Gray 3 U" ColorEditable="true" ColorRemovable="true" Visible="true" SwatchCreatorID="7937" />
	<Color Self="Color/Cyan" Model="Process" Space="CMYK" ColorValue="100 0 0 0" ColorOverride="Hiddenreserved" AlternateSpace="NoAlternateColor" AlternateColorValue="" Name="Cyan" ColorEditable="false" ColorRemovable="false" Visible="false" SwatchCreatorID="7937" />
	<Color Self="Color/Dark Green 5743" Model="Process" Space="CMYK" ColorValue="50 40 70 45" ColorOverride="Normal" AlternateSpace="NoAlternateColor" AlternateColorValue="" Name="Dark Green 5743" ColorEditable="true" ColorRemovable="true" Visible="true" SwatchCreatorID="7937" />
	<Color Self="Color/Magenta" Model="Process" Space="CMYK" ColorValue="0 100 0 0" ColorOverride="Hiddenreserved" AlternateSpace="NoAlternateColor" AlternateColorValue="" Name="Magenta" ColorEditable="false" ColorRemovable="false" Visible="false" SwatchCreatorID="7937" />
	<Color Self="Color/Maroon 202" Model="Process" Space="CMYK" ColorValue="0 100 70 50" ColorOverride="Normal" AlternateSpace="NoAlternateColor" AlternateColorValue="" Name="Maroon 202" ColorEditable="true" ColorRemovable="true" Visible="true" SwatchCreatorID="7937" />
	<Color Self="Color/Paper" Model="Process" Space="CMYK" ColorValue="0 0 0 0" ColorOverride="Specialpaper" AlternateSpace="NoAlternateColor" AlternateColorValue="" Name="Paper" ColorEditable="true" ColorRemovable="false" Visible="true" SwatchCreatorID="7937" />
	<Color Self="Color/Red 174" Model="Process" Space="CMYK" ColorValue="30 90 80 20" ColorOverride="Normal" AlternateSpace="NoAlternateColor" AlternateColorValue="" Name="Red 174" ColorEditable="true" ColorRemovable="true" Visible="true" SwatchCreatorID="7937" />
	<Color Self="Color/Registration" Model="Registration" Space="CMYK" ColorValue="100 100 100 100" ColorOverride="Specialregistration" AlternateSpace="NoAlternateColor" AlternateColorValue="" Name="Registration" ColorEditable="false" ColorRemovable="false" Visible="true" SwatchCreatorID="7937" />
	<Color Self="Color/Violet 7449" Model="Process" Space="CMYK" ColorValue="55.00000000000001 80 55.00000000000001 65" ColorOverride="Normal" AlternateSpace="NoAlternateColor" AlternateColorValue="" Name="Violet 7449" ColorEditable="true" ColorRemovable="true" Visible="true" SwatchCreatorID="7937" />
	<Color Self="Color/Warm Gray 11 U" Model="Process" Space="CMYK" ColorValue="0 15 30 70" ColorOverride="Normal" AlternateSpace="NoAlternateColor" AlternateColorValue="" Name="Warm Gray 11 U" ColorEditable="true" ColorRemovable="true" Visible="true" SwatchCreatorID="7937" />
	<Color Self="Color/Yellow" Model="Process" Space="CMYK" ColorValue="0 0 100 0" ColorOverride="Hiddenreserved" AlternateSpace="NoAlternateColor" AlternateColorValue="" Name="Yellow" ColorEditable="false" ColorRemovable="false" Visible="false" SwatchCreatorID="7937" />
	<Color Self="Color/Yellow/Orange 138" Model="Process" Space="CMYK" ColorValue="10 55.00000000000001 95 5" ColorOverride="Normal" AlternateSpace="NoAlternateColor" AlternateColorValue="" Name="Yellow/Orange 138" ColorEditable="true" ColorRemovable="true" Visible="true" SwatchCreatorID="7937" />
	<Color Self="Color/c80m40y30k5" Model="Process" Space="CMYK" ColorValue="80.0000011920929 40.00000059604645 30.000001192092896 5.000000074505806" ColorOverride="Normal" AlternateSpace="NoAlternateColor" AlternateColorValue="" Name="c80m40y30k5" ColorEditable="true" ColorRemovable="true" Visible="true" SwatchCreatorID="7937" />
	<Color Self="Color/u7c" Model="Process" Space="CMYK" ColorValue="0 0 0 0" ColorOverride="Normal" AlternateSpace="NoAlternateColor" AlternateColorValue="" Name="$ID/" ColorEditable="true" ColorRemovable="true" Visible="false" SwatchCreatorID="7937" />
	<Color Self="Color/u7e" Model="Process" Space="CMYK" ColorValue="0 0 0 100" ColorOverride="Normal" AlternateSpace="NoAlternateColor" AlternateColorValue="" Name="$ID/" ColorEditable="true" ColorRemovable="true" Visible="false" SwatchCreatorID="7937" />
	<Color Self="Color/uc9" Model="Process" Space="CMYK" ColorValue="0 0 0 0" ColorOverride="Normal" AlternateSpace="NoAlternateColor" AlternateColorValue="" Name="" ColorEditable="true" ColorRemovable="true" Visible="false" SwatchCreatorID="7937" />
	<Ink Self="Ink/$ID/Process Cyan" Name="$ID/Process Cyan" Angle="75" ConvertToProcess="false" Frequency="70" NeutralDensity="0.61" PrintInk="true" TrapOrder="1" InkType="Normal" />
	<Ink Self="Ink/$ID/Process Magenta" Name="$ID/Process Magenta" Angle="15" ConvertToProcess="false" Frequency="70" NeutralDensity="0.76" PrintInk="true" TrapOrder="2" InkType="Normal" />
	<Ink Self="Ink/$ID/Process Yellow" Name="$ID/Process Yellow" Angle="0" ConvertToProcess="false" Frequency="70" NeutralDensity="0.16" PrintInk="true" TrapOrder="3" InkType="Normal" />
	<Ink Self="Ink/$ID/Process Black" Name="$ID/Process Black" Angle="45" ConvertToProcess="false" Frequency="70" NeutralDensity="1.7" PrintInk="true" TrapOrder="4" InkType="Normal" />
	<PastedSmoothShade Self="PastedSmoothShade/u7b" ContentsVersion="0" ContentsType="ConstantShade" SpotColorList="" ContentsEncoding="Ascii64Encoding" ContentsMatrix="1 0 0 1 0 0" Name="$ID/" ColorEditable="true" ColorRemovable="true" Visible="false" SwatchCreatorID="7937">
		<Properties>
			<Contents><![CDATA[AAAAAUBv4AAAAAAAAAAAAAAAAAAAAAAAAAAAAA==]]></Contents>
		</Properties>
	</PastedSmoothShade>
	<Swatch Self="Swatch/None" Name="None" ColorEditable="false" ColorRemovable="false" Visible="true" SwatchCreatorID="7937" />
	<Gradient Self="Gradient/u7d" Type="Linear" Name="$ID/" ColorEditable="true" ColorRemovable="true" Visible="false" SwatchCreatorID="7937">
		<GradientStop Self="u7dGradientStop0" StopColor="Color/u7c" Location="0" />
		<GradientStop Self="u7dGradientStop1" StopColor="Color/Black" Location="100" Midpoint="50" />
	</Gradient>
	<StrokeStyle Self="StrokeStyle/$ID/Triple_Stroke" Name="$ID/Triple_Stroke" />
	<StrokeStyle Self="StrokeStyle/$ID/ThickThinThick" Name="$ID/ThickThinThick" />
	<StrokeStyle Self="StrokeStyle/$ID/ThinThickThin" Name="$ID/ThinThickThin" />
	<StrokeStyle Self="StrokeStyle/$ID/ThickThick" Name="$ID/ThickThick" />
	<StrokeStyle Self="StrokeStyle/$ID/ThickThin" Name="$ID/ThickThin" />
	<StrokeStyle Self="StrokeStyle/$ID/ThinThick" Name="$ID/ThinThick" />
	<StrokeStyle Self="StrokeStyle/$ID/ThinThin" Name="$ID/ThinThin" />
	<StrokeStyle Self="StrokeStyle/$ID/Japanese Dots" Name="$ID/Japanese Dots" />
	<StrokeStyle Self="StrokeStyle/$ID/White Diamond" Name="$ID/White Diamond" />
	<StrokeStyle Self="StrokeStyle/$ID/Left Slant Hash" Name="$ID/Left Slant Hash" />
	<StrokeStyle Self="StrokeStyle/$ID/Right Slant Hash" Name="$ID/Right Slant Hash" />
	<StrokeStyle Self="StrokeStyle/$ID/Straight Hash" Name="$ID/Straight Hash" />
	<StrokeStyle Self="StrokeStyle/$ID/Wavy" Name="$ID/Wavy" />
	<StrokeStyle Self="StrokeStyle/$ID/Canned Dotted" Name="$ID/Canned Dotted" />
	<StrokeStyle Self="StrokeStyle/$ID/Canned Dashed 3x2" Name="$ID/Canned Dashed 3x2" />
	<StrokeStyle Self="StrokeStyle/$ID/Canned Dashed 4x4" Name="$ID/Canned Dashed 4x4" />
	<StrokeStyle Self="StrokeStyle/$ID/Dashed" Name="$ID/Dashed" />
	<StrokeStyle Self="StrokeStyle/$ID/Solid" Name="$ID/Solid" />
</idPkg:Graphic>