<?xml version="1.0" encoding="UTF-8" standalone="yes"?>
<idPkg:Styles xmlns:idPkg="http://ns.adobe.com/AdobeInDesign/idml/1.0/packaging" DOMVersion="8.0">
	<RootCharacterStyleGroup Self="u71">
		<CharacterStyle Self="CharacterStyle/$ID/[No character style]" Imported="false" Name="$ID/[No character style]" />
		<CharacterStyle Self="CharacterStyle/Neutra section headers" Imported="false" KeyboardShortcut="1 103" Name="Neutra section headers" FontStyle="Medium" PointSize="16" KerningMethod="$ID/Optical" Tracking="20" Capitalization="AllCaps" KerningValue="1e+11">
			<Properties>
				<BasedOn type="string">$ID/[No character style]</BasedOn>
				<PreviewColor type="enumeration">Nothing</PreviewColor>
				<Leading type="unit">18</Leading>
				<AppliedFont type="string">Neutra Display</AppliedFont>
			</Properties>
		</CharacterStyle>
		<CharacterStyle Self="CharacterStyle/Body Copy" Imported="false" KeyboardShortcut="1 100" Name="Body Copy" FontStyle="Book" PointSize="9" KerningMethod="$ID/Optical" KerningValue="1e+11">
			<Properties>
				<BasedOn type="string">$ID/[No character style]</BasedOn>
				<PreviewColor type="enumeration">Nothing</PreviewColor>
				<Leading type="unit">11</Leading>
				<AppliedFont type="string">Gotham</AppliedFont>
			</Properties>
		</CharacterStyle>
	</RootCharacterStyleGroup>
	<RootParagraphStyleGroup Self="u70">
		<ParagraphStyle Self="ParagraphStyle/$ID/[No paragraph style]" Name="$ID/[No paragraph style]" Imported="false" FillColor="Color/Black" FontStyle="Regular" PointSize="12" HorizontalScale="100" KerningMethod="$ID/Metrics" Ligatures="true" PageNumberType="AutoPageNumber" StrokeWeight="1" Tracking="0" Composer="HL Composer" DropCapCharacters="0" DropCapLines="0" BaselineShift="0" Capitalization="Normal" StrokeColor="Swatch/None" HyphenateLadderLimit="3" VerticalScale="100" LeftIndent="0" RightIndent="0" FirstLineIndent="0" AutoLeading="120" AppliedLanguage="$ID/English: USA" Hyphenation="true" HyphenateAfterFirst="2" HyphenateBeforeLast="2" HyphenateCapitalizedWords="true" HyphenateWordsLongerThan="5" NoBreak="false" HyphenationZone="36" SpaceBefore="0" SpaceAfter="0" Underline="false" OTFFigureStyle="Default" DesiredWordSpacing="100" MaximumWordSpacing="133" MinimumWordSpacing="80" DesiredLetterSpacing="0" MaximumLetterSpacing="0" MinimumLetterSpacing="0" DesiredGlyphScaling="100" MaximumGlyphScaling="100" MinimumGlyphScaling="100" StartParagraph="Anywhere" KeepAllLinesTogether="false" KeepWithNext="0" KeepFirstLines="2" KeepLastLines="2" Position="Normal" StrikeThru="false" CharacterAlignment="AlignEmCenter" KeepLinesTogether="false" StrokeTint="-1" FillTint="-1" OverprintStroke="false" OverprintFill="false" GradientStrokeAngle="0" GradientFillAngle="0" GradientStrokeLength="-1" GradientFillLength="-1" GradientStrokeStart="0 0" GradientFillStart="0 0" Skew="0" RuleAboveLineWeight="1" RuleAboveTint="-1" RuleAboveOffset="0" RuleAboveLeftIndent="0" RuleAboveRightIndent="0" RuleAboveWidth="ColumnWidth" RuleBelowLineWeight="1" RuleBelowTint="-1" RuleBelowOffset="0" RuleBelowLeftIndent="0" RuleBelowRightIndent="0" RuleBelowWidth="ColumnWidth" RuleAboveOverprint="false" RuleBelowOverprint="false" RuleAbove="false" RuleBelow="false" LastLineIndent="0" HyphenateLastWord="true" ParagraphBreakType="Anywhere" SingleWordJustification="FullyJustified" OTFOrdinal="false" OTFFraction="false" OTFDiscretionaryLigature="false" OTFTitling="false" RuleAboveGapTint="-1" RuleAboveGapOverprint="false" RuleBelowGapTint="-1" RuleBelowGapOverprint="false" Justification="LeftAlign" DropcapDetail="1" PositionalForm="None" OTFMark="true" HyphenWeight="5" OTFLocale="true" HyphenateAcrossColumns="true" KeepRuleAboveInFrame="false" IgnoreEdgeAlignment="false" OTFSlashedZero="false" OTFStylisticSets="0" OTFHistorical="false" OTFContextualAlternate="true" UnderlineGapOverprint="false" UnderlineGapTint="-1" UnderlineOffset="-9999" UnderlineOverprint="false" UnderlineTint="-1" UnderlineWeight="-9999" StrikeThroughGapOverprint="false" StrikeThroughGapTint="-1" StrikeThroughOffset="-9999" StrikeThroughOverprint="false" StrikeThroughTint="-1" StrikeThroughWeight="-9999" MiterLimit="4" StrokeAlignment="OutsideAlignment" EndJoin="MiterEndJoin" SpanColumnType="SingleColumn" SplitColumnInsideGutter="6" SplitColumnOutsideGutter="0" KeepWithPrevious="false" SpanColumnMinSpaceBefore="0" SpanColumnMinSpaceAfter="0" OTFSwash="false" Tsume="0" LeadingAki="-1" TrailingAki="-1" KinsokuType="KinsokuPushInFirst" KinsokuHangType="None" BunriKinshi="true" RubyOpenTypePro="true" RubyFontSize="-1" RubyAlignment="RubyJIS" RubyType="PerCharacterRuby" RubyParentSpacing="RubyParent121Aki" RubyXScale="100" RubyYScale="100" RubyXOffset="0" RubyYOffset="0" RubyPosition="AboveRight" RubyAutoAlign="true" RubyParentOverhangAmount="RubyOverhangOneRuby" RubyOverhang="false" RubyAutoScaling="false" RubyParentScalingPercent="66" RubyTint="-1" RubyOverprintFill="Auto" RubyStrokeTint="-1" RubyOverprintStroke="Auto" RubyWeight="-1" KentenKind="None" KentenFontSize="-1" KentenXScale="100" KentenYScale="100" KentenPlacement="0" KentenAlignment="AlignKentenCenter" KentenPosition="AboveRight" KentenCustomCharacter="" KentenCharacterSet="CharacterInput" KentenTint="-1" KentenOverprintFill="Auto" KentenStrokeTint="-1" KentenOverprintStroke="Auto" KentenWeight="-1" Tatechuyoko="false" TatechuyokoXOffset="0" TatechuyokoYOffset="0" AutoTcy="0" AutoTcyIncludeRoman="false" Jidori="0" GridGyoudori="0" GridAlignFirstLineOnly="false" GridAlignment="None" CharacterRotation="0" RotateSingleByteCharacters="false" Rensuuji="true" ShataiMagnification="0" ShataiDegreeAngle="4500" ShataiAdjustTsume="true" ShataiAdjustRotation="false" Warichu="false" WarichuLines="2" WarichuSize="50" WarichuLineSpacing="0" WarichuAlignment="Auto" WarichuCharsBeforeBreak="2" WarichuCharsAfterBreak="2" OTFHVKana="false" OTFProportionalMetrics="false" OTFRomanItalics="false" LeadingModel="LeadingModelAkiBelow" ScaleAffectsLineHeight="false" ParagraphGyoudori="false" CjkGridTracking="false" GlyphForm="None" RubyAutoTcyDigits="0" RubyAutoTcyIncludeRoman="false" RubyAutoTcyAutoScale="true" TreatIdeographicSpaceAsSpace="true" AllowArbitraryHyphenation="false" BulletsAndNumberingListType="NoList" NumberingStartAt="1" NumberingLevel="1" NumberingContinue="true" NumberingApplyRestartPolicy="true" BulletsAlignment="LeftAlign" NumberingAlignment="LeftAlign" NumberingExpression="^#.^t" BulletsTextAfter="^t" DigitsType="DefaultDigits" Kashidas="DefaultKashidas" DiacriticPosition="OpentypePositionFromBaseline" CharacterDirection="DefaultDirection" ParagraphDirection="LeftToRightDirection" ParagraphJustification="DefaultJustification" ParagraphKashidaWidth="2" XOffsetDiacritic="0" YOffsetDiacritic="0" OTFOverlapSwash="false" OTFStylisticAlternate="false" OTFJustificationAlternate="false" OTFStretchedAlternate="false" KeyboardDirection="DefaultDirection">
			<Properties>
				<Leading type="enumeration">Auto</Leading>
				<TabList type="list">
				</TabList>
				<AppliedFont type="string">Minion Pro</AppliedFont>
				<RuleAboveColor type="string">Text Color</RuleAboveColor>
				<RuleBelowColor type="string">Text Color</RuleBelowColor>
				<RuleAboveType type="object">StrokeStyle/$ID/Solid</RuleAboveType>
				<RuleBelowType type="object">StrokeStyle/$ID/Solid</RuleBelowType>
				<BalanceRaggedLines type="enumeration">NoBalancing</BalanceRaggedLines>
				<RuleAboveGapColor type="object">Swatch/None</RuleAboveGapColor>
				<RuleBelowGapColor type="object">Swatch/None</RuleBelowGapColor>
				<UnderlineColor type="string">Text Color</UnderlineColor>
				<UnderlineGapColor type="object">Swatch/None</UnderlineGapColor>
				<UnderlineType type="object">StrokeStyle/$ID/Solid</UnderlineType>
				<StrikeThroughColor type="string">Text Color</StrikeThroughColor>
				<StrikeThroughGapColor type="object">Swatch/None</StrikeThroughGapColor>
				<StrikeThroughType type="object">StrokeStyle/$ID/Solid</StrikeThroughType>
				<SpanSplitColumnCount type="enumeration">All</SpanSplitColumnCount>
				<Mojikumi type="enumeration">Nothing</Mojikumi>
				<KinsokuSet type="enumeration">Nothing</KinsokuSet>
				<RubyFont type="string">$ID/</RubyFont>
				<RubyFontStyle type="enumeration">Nothing</RubyFontStyle>
				<RubyFill type="string">Text Color</RubyFill>
				<RubyStroke type="string">Text Color</RubyStroke>
				<KentenFont type="string">$ID/</KentenFont>
				<KentenFontStyle type="enumeration">Nothing</KentenFontStyle>
				<KentenFillColor type="string">Text Color</KentenFillColor>
				<KentenStrokeColor type="string">Text Color</KentenStrokeColor>
				<BulletChar BulletCharacterType="UnicodeOnly" BulletCharacterValue="8226" />
				<NumberingFormat type="string">1, 2, 3, 4...</NumberingFormat>
				<BulletsFont type="string">$ID/</BulletsFont>
				<BulletsFontStyle type="enumeration">Nothing</BulletsFontStyle>
				<AppliedNumberingList type="object">NumberingList/$ID/[Default]</AppliedNumberingList>
				<NumberingRestartPolicies RestartPolicy="AnyPreviousLevel" LowerLevel="0" UpperLevel="0" />
				<BulletsCharacterStyle type="object">CharacterStyle/$ID/[No character style]</BulletsCharacterStyle>
				<NumberingCharacterStyle type="object">CharacterStyle/$ID/[No character style]</NumberingCharacterStyle>
			</Properties>
		</ParagraphStyle>
		<ParagraphStyle Self="ParagraphStyle/$ID/NormalParagraphStyle" Name="$ID/NormalParagraphStyle" Imported="false" NextStyle="ParagraphStyle/$ID/NormalParagraphStyle" KeyboardShortcut="0 0">
			<Properties>
				<BasedOn type="string">$ID/[No paragraph style]</BasedOn>
				<PreviewColor type="enumeration">Nothing</PreviewColor>
			</Properties>
		</ParagraphStyle>
	</RootParagraphStyleGroup>
	<TOCStyle Self="TOCStyle/$ID/DefaultTOCStyleName" TitleStyle="ParagraphStyle/$ID/[No paragraph style]" Title="Contents" Name="$ID/DefaultTOCStyleName" RunIn="false" IncludeHidden="false" IncludeBookDocuments="false" CreateBookmarks="true" SetStoryDirection="Horizontal" NumberedParagraphs="IncludeFullParagraph" />
	<RootCellStyleGroup Self="u76">
		<CellStyle Self="CellStyle/$ID/[None]" AppliedParagraphStyle="ParagraphStyle/$ID/[No paragraph style]" Name="$ID/[None]" />
	</RootCellStyleGroup>
	<RootTableStyleGroup Self="u78">
		<TableStyle Self="TableStyle/$ID/[No table style]" Name="$ID/[No table style]" StrokeOrder="BestJoins" TopBorderStrokeWeight="1" TopBorderStrokeType="StrokeStyle/$ID/Solid" TopBorderStrokeColor="Color/Black" TopBorderStrokeTint="100" TopBorderStrokeOverprint="false" TopBorderStrokeGapColor="Color/Paper" TopBorderStrokeGapTint="100" TopBorderStrokeGapOverprint="false" LeftBorderStrokeWeight="1" LeftBorderStrokeType="StrokeStyle/$ID/Solid" LeftBorderStrokeColor="Color/Black" LeftBorderStrokeTint="100" LeftBorderStrokeOverprint="false" LeftBorderStrokeGapColor="Color/Paper" LeftBorderStrokeGapTint="100" LeftBorderStrokeGapOverprint="false" BottomBorderStrokeWeight="1" BottomBorderStrokeType="StrokeStyle/$ID/Solid" BottomBorderStrokeColor="Color/Black" BottomBorderStrokeTint="100" BottomBorderStrokeOverprint="false" BottomBorderStrokeGapColor="Color/Paper" BottomBorderStrokeGapTint="100" BottomBorderStrokeGapOverprint="false" RightBorderStrokeWeight="1" RightBorderStrokeType="StrokeStyle/$ID/Solid" RightBorderStrokeColor="Color/Black" RightBorderStrokeTint="100" RightBorderStrokeOverprint="false" RightBorderStrokeGapColor="Color/Paper" RightBorderStrokeGapTint="100" RightBorderStrokeGapOverprint="false" SpaceBefore="4" SpaceAfter="-4" SkipFirstAlternatingStrokeRows="0" SkipLastAlternatingStrokeRows="0" StartRowStrokeCount="0" StartRowStrokeColor="Color/Black" StartRowStrokeWeight="1" StartRowStrokeType="StrokeStyle/$ID/Solid" StartRowStrokeTint="100" StartRowStrokeGapOverprint="false" StartRowStrokeGapColor="Color/Paper" StartRowStrokeGapTint="100" StartRowStrokeOverprint="false" EndRowStrokeCount="0" EndRowStrokeColor="Color/Black" EndRowStrokeWeight="0.25" EndRowStrokeType="StrokeStyle/$ID/Solid" EndRowStrokeTint="100" EndRowStrokeOverprint="false" EndRowStrokeGapColor="Color/Paper" EndRowStrokeGapTint="100" EndRowStrokeGapOverprint="false" SkipFirstAlternatingStrokeColumns="0" SkipLastAlternatingStrokeColumns="0" StartColumnStrokeCount="0" StartColumnStrokeColor="Color/Black" StartColumnStrokeWeight="1" StartColumnStrokeType="StrokeStyle/$ID/Solid" StartColumnStrokeTint="100" StartColumnStrokeOverprint="false" StartColumnStrokeGapColor="Color/Paper" StartColumnStrokeGapTint="100" StartColumnStrokeGapOverprint="false" EndColumnStrokeCount="0" EndColumnStrokeColor="Color/Black" EndColumnStrokeWeight="0.25" EndColumnLineStyle="StrokeStyle/$ID/Solid" EndColumnStrokeTint="100" EndColumnStrokeOverprint="false" EndColumnStrokeGapColor="Color/Paper" EndColumnStrokeGapTint="100" EndColumnStrokeGapOverprint="false" ColumnFillsPriority="false" SkipFirstAlternatingFillRows="0" SkipLastAlternatingFillRows="0" StartRowFillColor="Color/Black" StartRowFillCount="0" StartRowFillTint="20" StartRowFillOverprint="false" EndRowFillCount="0" EndRowFillColor="Swatch/None" EndRowFillTint="100" EndRowFillOverprint="false" SkipFirstAlternatingFillColumns="0" SkipLastAlternatingFillColumns="0" StartColumnFillCount="0" StartColumnFillColor="Color/Black" StartColumnFillTint="20" StartColumnFillOverprint="false" EndColumnFillCount="0" EndColumnFillColor="Swatch/None" EndColumnFillTint="100" EndColumnFillOverprint="false" HeaderRegionSameAsBodyRegion="true" FooterRegionSameAsBodyRegion="true" LeftColumnRegionSameAsBodyRegion="true" RightColumnRegionSameAsBodyRegion="true" HeaderRegionCellStyle="n" FooterRegionCellStyle="n" LeftColumnRegionCellStyle="n" RightColumnRegionCellStyle="n" BodyRegionCellStyle="CellStyle/$ID/[None]" />
		<TableStyle Self="TableStyle/$ID/[Basic Table]" Name="$ID/[Basic Table]" KeyboardShortcut="0 0">
			<Properties>
				<BasedOn type="string">$ID/[No table style]</BasedOn>
			</Properties>
		</TableStyle>
	</RootTableStyleGroup>
	<RootObjectStyleGroup Self="u81">
		<ObjectStyle Self="ObjectStyle/$ID/[None]" Name="$ID/[None]" AppliedParagraphStyle="ParagraphStyle/$ID/[No paragraph style]" CornerRadius="12" FillColor="Swatch/None" FillTint="-1" StrokeWeight="0" MiterLimit="4" EndCap="ButtEndCap" EndJoin="MiterEndJoin" StrokeType="StrokeStyle/$ID/Solid" LeftLineEnd="None" RightLineEnd="None" StrokeColor="Swatch/None" StrokeTint="-1" GapColor="Swatch/None" GapTint="-1" StrokeAlignment="CenterAlignment" Nonprinting="false" GradientFillAngle="0" GradientStrokeAngle="0" AppliedNamedGrid="n" TopLeftCornerOption="None" TopRightCornerOption="None" BottomLeftCornerOption="None" BottomRightCornerOption="None" TopLeftCornerRadius="12" TopRightCornerRadius="12" BottomLeftCornerRadius="12" BottomRightCornerRadius="12" CornerOption="None">
			<TextFramePreference TextColumnCount="1" TextColumnGutter="12" TextColumnFixedWidth="144" UseFixedColumnWidth="false" FirstBaselineOffset="AscentOffset" MinimumFirstBaselineOffset="0" VerticalJustification="TopAlign" VerticalThreshold="0" IgnoreWrap="false" UseFlexibleColumnWidth="false" TextColumnMaxWidth="0" AutoSizingType="Off" AutoSizingReferencePoint="CenterPoint" UseMinimumHeightForAutoSizing="false" MinimumHeightForAutoSizing="0" UseMinimumWidthForAutoSizing="false" MinimumWidthForAutoSizing="0" UseNoLineBreaksForAutoSizing="false" VerticalBalanceColumns="false">
				<Properties>
					<InsetSpacing type="list">
						<ListItem type="unit">0</ListItem>
						<ListItem type="unit">0</ListItem>
						<ListItem type="unit">0</ListItem>
						<ListItem type="unit">0</ListItem>
					</InsetSpacing>
				</Properties>
			</TextFramePreference>
			<BaselineFrameGridOption UseCustomBaselineFrameGrid="false" StartingOffsetForBaselineFrameGrid="0" BaselineFrameGridRelativeOption="TopOfInset" BaselineFrameGridIncrement="12">
				<Properties>
					<BaselineFrameGridColor type="enumeration">LightBlue</BaselineFrameGridColor>
				</Properties>
			</BaselineFrameGridOption>
			<AnchoredObjectSetting AnchoredPosition="InlinePosition" SpineRelative="false" LockPosition="false" PinPosition="true" AnchorPoint="BottomRightAnchor" HorizontalAlignment="LeftAlign" HorizontalReferencePoint="TextFrame" VerticalAlignment="BottomAlign" VerticalReferencePoint="LineBaseline" AnchorXoffset="0" AnchorYoffset="0" AnchorSpaceAbove="0" />
			<TextWrapPreference Inverse="false" ApplyToMasterPageOnly="false" TextWrapSide="BothSides" TextWrapMode="None">
				<Properties>
					<TextWrapOffset Top="0" Left="0" Bottom="0" Right="0" />
				</Properties>
				<ContourOption ContourType="SameAsClipping" IncludeInsideEdges="false" ContourPathName="$ID/" />
			</TextWrapPreference>
			<StoryPreference OpticalMarginAlignment="false" OpticalMarginSize="12" FrameType="TextFrameType" StoryOrientation="Horizontal" StoryDirection="LeftToRightDirection" />
			<FrameFittingOption AutoFit="false" LeftCrop="0" TopCrop="0" RightCrop="0" BottomCrop="0" FittingOnEmptyFrame="None" FittingAlignment="CenterAnchor" />
		</ObjectStyle>
		<ObjectStyle Self="ObjectStyle/$ID/[Normal Graphics Frame]" EnableTextFrameAutoSizingOptions="false" Name="$ID/[Normal Graphics Frame]" AppliedParagraphStyle="ParagraphStyle/$ID/[No paragraph style]" ApplyNextParagraphStyle="false" EnableFill="true" EnableStroke="true" EnableParagraphStyle="false" EnableTextFrameGeneralOptions="false" EnableTextFrameBaselineOptions="false" EnableStoryOptions="false" EnableTextWrapAndOthers="false" EnableAnchoredObjectOptions="false" CornerRadius="12" FillColor="Swatch/None" FillTint="-1" StrokeWeight="1" MiterLimit="4" EndCap="ButtEndCap" EndJoin="MiterEndJoin" StrokeType="StrokeStyle/$ID/Solid" LeftLineEnd="None" RightLineEnd="None" StrokeColor="Color/Black" StrokeTint="-1" OverprintStroke="false" GapColor="Swatch/None" GapTint="-1" StrokeAlignment="CenterAlignment" Nonprinting="false" GradientFillAngle="0" GradientStrokeAngle="0" AppliedNamedGrid="n" KeyboardShortcut="0 0" TopLeftCornerOption="None" TopRightCornerOption="None" BottomLeftCornerOption="None" BottomRightCornerOption="None" TopLeftCornerRadius="12" TopRightCornerRadius="12" BottomLeftCornerRadius="12" BottomRightCornerRadius="12" EnableFrameFittingOptions="false" CornerOption="None" EnableStrokeAndCornerOptions="true">
			<Properties>
				<BasedOn type="string">$ID/[None]</BasedOn>
			</Properties>
			<TextFramePreference TextColumnCount="1" TextColumnGutter="12" TextColumnFixedWidth="144" UseFixedColumnWidth="false" FirstBaselineOffset="AscentOffset" MinimumFirstBaselineOffset="0" VerticalJustification="TopAlign" VerticalThreshold="0" IgnoreWrap="false" UseFlexibleColumnWidth="false" TextColumnMaxWidth="0" AutoSizingType="Off" AutoSizingReferencePoint="CenterPoint" UseMinimumHeightForAutoSizing="false" MinimumHeightForAutoSizing="0" UseMinimumWidthForAutoSizing="false" MinimumWidthForAutoSizing="0" UseNoLineBreaksForAutoSizing="false" VerticalBalanceColumns="false">
				<Properties>
					<InsetSpacing type="list">
						<ListItem type="unit">0</ListItem>
						<ListItem type="unit">0</ListItem>
						<ListItem type="unit">0</ListItem>
						<ListItem type="unit">0</ListItem>
					</InsetSpacing>
				</Properties>
			</TextFramePreference>
			<BaselineFrameGridOption UseCustomBaselineFrameGrid="false" StartingOffsetForBaselineFrameGrid="0" BaselineFrameGridRelativeOption="TopOfInset" BaselineFrameGridIncrement="12">
				<Properties>
					<BaselineFrameGridColor type="enumeration">LightBlue</BaselineFrameGridColor>
				</Properties>
			</BaselineFrameGridOption>
			<AnchoredObjectSetting AnchoredPosition="InlinePosition" SpineRelative="false" LockPosition="false" PinPosition="true" AnchorPoint="BottomRightAnchor" HorizontalAlignment="LeftAlign" HorizontalReferencePoint="TextFrame" VerticalAlignment="BottomAlign" VerticalReferencePoint="LineBaseline" AnchorXoffset="0" AnchorYoffset="0" AnchorSpaceAbove="0" />
			<TextWrapPreference Inverse="false" ApplyToMasterPageOnly="false" TextWrapSide="BothSides" TextWrapMode="None">
				<Properties>
					<TextWrapOffset Top="0" Left="0" Bottom="0" Right="0" />
				</Properties>
				<ContourOption ContourType="SameAsClipping" IncludeInsideEdges="false" ContourPathName="$ID/" />
			</TextWrapPreference>
			<StoryPreference OpticalMarginAlignment="false" OpticalMarginSize="12" FrameType="Unknown" StoryOrientation="Unknown" StoryDirection="UnknownDirection" />
			<FrameFittingOption AutoFit="false" LeftCrop="0" TopCrop="0" RightCrop="0" BottomCrop="0" FittingOnEmptyFrame="None" FittingAlignment="CenterAnchor" />
			<ObjectStyleObjectEffectsCategorySettings EnableTransparency="true" EnableDropShadow="true" EnableFeather="true" EnableInnerShadow="true" EnableOuterGlow="true" EnableInnerGlow="true" EnableBevelEmboss="true" EnableSatin="true" EnableDirectionalFeather="true" EnableGradientFeather="true" />
			<ObjectStyleStrokeEffectsCategorySettings EnableTransparency="true" EnableDropShadow="true" EnableFeather="true" EnableInnerShadow="true" EnableOuterGlow="true" EnableInnerGlow="true" EnableBevelEmboss="true" EnableSatin="true" EnableDirectionalFeather="true" EnableGradientFeather="true" />
			<ObjectStyleFillEffectsCategorySettings EnableTransparency="true" EnableDropShadow="true" EnableFeather="true" EnableInnerShadow="true" EnableOuterGlow="true" EnableInnerGlow="true" EnableBevelEmboss="true" EnableSatin="true" EnableDirectionalFeather="true" EnableGradientFeather="true" />
			<ObjectStyleContentEffectsCategorySettings EnableTransparency="true" EnableDropShadow="true" EnableFeather="true" EnableInnerShadow="true" EnableOuterGlow="true" EnableInnerGlow="true" EnableBevelEmboss="true" EnableSatin="true" EnableDirectionalFeather="true" EnableGradientFeather="true" />
		</ObjectStyle>
		<ObjectStyle Self="ObjectStyle/$ID/[Normal Text Frame]" EnableTextFrameAutoSizingOptions="true" Name="$ID/[Normal Text Frame]" AppliedParagraphStyle="ParagraphStyle/$ID/NormalParagraphStyle" ApplyNextParagraphStyle="false" EnableFill="true" EnableStroke="true" EnableParagraphStyle="false" EnableTextFrameGeneralOptions="true" EnableTextFrameBaselineOptions="true" EnableStoryOptions="false" EnableTextWrapAndOthers="false" EnableAnchoredObjectOptions="false" CornerRadius="12" FillColor="Swatch/None" FillTint="-1" StrokeWeight="0" MiterLimit="4" EndCap="ButtEndCap" EndJoin="MiterEndJoin" StrokeType="StrokeStyle/$ID/Solid" LeftLineEnd="None" RightLineEnd="None" StrokeColor="Swatch/None" StrokeTint="-1" GapColor="Swatch/None" GapTint="-1" StrokeAlignment="CenterAlignment" Nonprinting="false" GradientFillAngle="0" GradientStrokeAngle="0" AppliedNamedGrid="n" KeyboardShortcut="0 0" TopLeftCornerOption="None" TopRightCornerOption="None" BottomLeftCornerOption="None" BottomRightCornerOption="None" TopLeftCornerRadius="12" TopRightCornerRadius="12" BottomLeftCornerRadius="12" BottomRightCornerRadius="12" EnableFrameFittingOptions="false" CornerOption="None" EnableStrokeAndCornerOptions="true">
			<Properties>
				<BasedOn type="string">$ID/[None]</BasedOn>
			</Properties>
			<TextFramePreference TextColumnCount="1" TextColumnGutter="12" TextColumnFixedWidth="144" UseFixedColumnWidth="false" FirstBaselineOffset="AscentOffset" MinimumFirstBaselineOffset="0" VerticalJustification="TopAlign" VerticalThreshold="0" IgnoreWrap="false" UseFlexibleColumnWidth="false" TextColumnMaxWidth="0" AutoSizingType="Off" AutoSizingReferencePoint="CenterPoint" UseMinimumHeightForAutoSizing="false" MinimumHeightForAutoSizing="0" UseMinimumWidthForAutoSizing="false" MinimumWidthForAutoSizing="0" UseNoLineBreaksForAutoSizing="false" VerticalBalanceColumns="false">
				<Properties>
					<InsetSpacing type="list">
						<ListItem type="unit">0</ListItem>
						<ListItem type="unit">0</ListItem>
						<ListItem type="unit">0</ListItem>
						<ListItem type="unit">0</ListItem>
					</InsetSpacing>
				</Properties>
			</TextFramePreference>
			<BaselineFrameGridOption UseCustomBaselineFrameGrid="false" StartingOffsetForBaselineFrameGrid="0" BaselineFrameGridRelativeOption="TopOfInset" BaselineFrameGridIncrement="12">
				<Properties>
					<BaselineFrameGridColor type="enumeration">LightBlue</BaselineFrameGridColor>
				</Properties>
			</BaselineFrameGridOption>
			<AnchoredObjectSetting AnchoredPosition="InlinePosition" SpineRelative="false" LockPosition="false" PinPosition="true" AnchorPoint="BottomRightAnchor" HorizontalAlignment="LeftAlign" HorizontalReferencePoint="TextFrame" VerticalAlignment="BottomAlign" VerticalReferencePoint="LineBaseline" AnchorXoffset="0" AnchorYoffset="0" AnchorSpaceAbove="0" />
			<TextWrapPreference Inverse="false" ApplyToMasterPageOnly="false" TextWrapSide="BothSides" TextWrapMode="None">
				<Properties>
					<TextWrapOffset Top="0" Left="0" Bottom="0" Right="0" />
				</Properties>
				<ContourOption ContourType="SameAsClipping" IncludeInsideEdges="false" ContourPathName="$ID/" />
			</TextWrapPreference>
			<StoryPreference OpticalMarginAlignment="false" OpticalMarginSize="12" FrameType="TextFrameType" StoryOrientation="Unknown" StoryDirection="LeftToRightDirection" />
			<FrameFittingOption AutoFit="false" LeftCrop="0" TopCrop="0" RightCrop="0" BottomCrop="0" FittingOnEmptyFrame="None" FittingAlignment="CenterAnchor" />
			<ObjectStyleObjectEffectsCategorySettings EnableTransparency="true" EnableDropShadow="true" EnableFeather="true" EnableInnerShadow="true" EnableOuterGlow="true" EnableInnerGlow="true" EnableBevelEmboss="true" EnableSatin="true" EnableDirectionalFeather="true" EnableGradientFeather="true" />
			<ObjectStyleStrokeEffectsCategorySettings EnableTransparency="true" EnableDropShadow="true" EnableFeather="true" EnableInnerShadow="true" EnableOuterGlow="true" EnableInnerGlow="true" EnableBevelEmboss="true" EnableSatin="true" EnableDirectionalFeather="true" EnableGradientFeather="true" />
			<ObjectStyleFillEffectsCategorySettings EnableTransparency="true" EnableDropShadow="true" EnableFeather="true" EnableInnerShadow="true" EnableOuterGlow="true" EnableInnerGlow="true" EnableBevelEmboss="true" EnableSatin="true" EnableDirectionalFeather="true" EnableGradientFeather="true" />
			<ObjectStyleContentEffectsCategorySettings EnableTransparency="true" EnableDropShadow="true" EnableFeather="true" EnableInnerShadow="true" EnableOuterGlow="true" EnableInnerGlow="true" EnableBevelEmboss="true" EnableSatin="true" EnableDirectionalFeather="true" EnableGradientFeather="true" />
		</ObjectStyle>
		<ObjectStyle Self="ObjectStyle/$ID/[Normal Grid]" EnableTextFrameAutoSizingOptions="true" Name="$ID/[Normal Grid]" AppliedParagraphStyle="ParagraphStyle/$ID/NormalParagraphStyle" ApplyNextParagraphStyle="false" EnableFill="true" EnableStroke="true" EnableParagraphStyle="false" EnableTextFrameGeneralOptions="true" EnableTextFrameBaselineOptions="true" EnableStoryOptions="true" EnableTextWrapAndOthers="false" EnableAnchoredObjectOptions="false" CornerRadius="12" FillColor="Swatch/None" FillTint="-1" StrokeWeight="0" MiterLimit="4" EndCap="ButtEndCap" EndJoin="MiterEndJoin" StrokeType="StrokeStyle/$ID/Solid" LeftLineEnd="None" RightLineEnd="None" StrokeColor="Swatch/None" StrokeTint="-1" GapColor="Swatch/None" GapTint="-1" StrokeAlignment="CenterAlignment" Nonprinting="false" GradientFillAngle="0" GradientStrokeAngle="0" AppliedNamedGrid="n" KeyboardShortcut="0 0" TopLeftCornerOption="None" TopRightCornerOption="None" BottomLeftCornerOption="None" BottomRightCornerOption="None" TopLeftCornerRadius="12" TopRightCornerRadius="12" BottomLeftCornerRadius="12" BottomRightCornerRadius="12" EnableFrameFittingOptions="false" CornerOption="None" EnableStrokeAndCornerOptions="true">
			<Properties>
				<BasedOn type="string">$ID/[None]</BasedOn>
			</Properties>
			<TextFramePreference TextColumnCount="1" TextColumnGutter="12" TextColumnFixedWidth="144" UseFixedColumnWidth="false" FirstBaselineOffset="AscentOffset" MinimumFirstBaselineOffset="0" VerticalJustification="TopAlign" VerticalThreshold="0" IgnoreWrap="false" UseFlexibleColumnWidth="false" TextColumnMaxWidth="0" AutoSizingType="Off" AutoSizingReferencePoint="CenterPoint" UseMinimumHeightForAutoSizing="false" MinimumHeightForAutoSizing="0" UseMinimumWidthForAutoSizing="false" MinimumWidthForAutoSizing="0" UseNoLineBreaksForAutoSizing="false" VerticalBalanceColumns="false">
				<Properties>
					<InsetSpacing type="list">
						<ListItem type="unit">0</ListItem>
						<ListItem type="unit">0</ListItem>
						<ListItem type="unit">0</ListItem>
						<ListItem type="unit">0</ListItem>
					</InsetSpacing>
				</Properties>
			</TextFramePreference>
			<BaselineFrameGridOption UseCustomBaselineFrameGrid="false" StartingOffsetForBaselineFrameGrid="0" BaselineFrameGridRelativeOption="TopOfInset" BaselineFrameGridIncrement="12">
				<Properties>
					<BaselineFrameGridColor type="enumeration">LightBlue</BaselineFrameGridColor>
				</Properties>
			</BaselineFrameGridOption>
			<AnchoredObjectSetting AnchoredPosition="InlinePosition" SpineRelative="false" LockPosition="false" PinPosition="true" AnchorPoint="BottomRightAnchor" HorizontalAlignment="LeftAlign" HorizontalReferencePoint="TextFrame" VerticalAlignment="BottomAlign" VerticalReferencePoint="LineBaseline" AnchorXoffset="0" AnchorYoffset="0" AnchorSpaceAbove="0" />
			<TextWrapPreference Inverse="false" ApplyToMasterPageOnly="false" TextWrapSide="BothSides" TextWrapMode="None">
				<Properties>
					<TextWrapOffset Top="0" Left="0" Bottom="0" Right="0" />
				</Properties>
				<ContourOption ContourType="SameAsClipping" IncludeInsideEdges="false" ContourPathName="$ID/" />
			</TextWrapPreference>
			<StoryPreference OpticalMarginAlignment="false" OpticalMarginSize="12" FrameType="FrameGridType" StoryOrientation="Unknown" StoryDirection="LeftToRightDirection" />
			<FrameFittingOption AutoFit="false" LeftCrop="0" TopCrop="0" RightCrop="0" BottomCrop="0" FittingOnEmptyFrame="None" FittingAlignment="CenterAnchor" />
			<ObjectStyleObjectEffectsCategorySettings EnableTransparency="true" EnableDropShadow="true" EnableFeather="true" EnableInnerShadow="true" EnableOuterGlow="true" EnableInnerGlow="true" EnableBevelEmboss="true" EnableSatin="true" EnableDirectionalFeather="true" EnableGradientFeather="true" />
			<ObjectStyleStrokeEffectsCategorySettings EnableTransparency="true" EnableDropShadow="true" EnableFeather="true" EnableInnerShadow="true" EnableOuterGlow="true" EnableInnerGlow="true" EnableBevelEmboss="true" EnableSatin="true" EnableDirectionalFeather="true" EnableGradientFeather="true" />
			<ObjectStyleFillEffectsCategorySettings EnableTransparency="true" EnableDropShadow="true" EnableFeather="true" EnableInnerShadow="true" EnableOuterGlow="true" EnableInnerGlow="true" EnableBevelEmboss="true" EnableSatin="true" EnableDirectionalFeather="true" EnableGradientFeather="true" />
			<ObjectStyleContentEffectsCategorySettings EnableTransparency="true" EnableDropShadow="true" EnableFeather="true" EnableInnerShadow="true" EnableOuterGlow="true" EnableInnerGlow="true" EnableBevelEmboss="true" EnableSatin="true" EnableDirectionalFeather="true" EnableGradientFeather="true" />
		</ObjectStyle>
	</RootObjectStyleGroup>
	<TrapPreset Self="TrapPreset/$ID/k[No Trap Preset]" Name="$ID/k[No Trap Preset]" DefaultTrapWidth="0.25" BlackWidth="0.5" TrapJoin="MiterEndJoin" TrapEnd="MiterTrapEnds" ObjectsToImages="true" ImagesToImages="true" InternalImages="false" OneBitImages="true" ImagePlacement="CenterEdges" StepThreshold="10" BlackColorThreshold="100" BlackDensity="1.6" SlidingTrapThreshold="70" ColorReduction="100" />
	<TrapPreset Self="TrapPreset/$ID/kDefaultTrapStyleName" Name="$ID/kDefaultTrapStyleName" DefaultTrapWidth="0.25" BlackWidth="0.5" TrapJoin="MiterEndJoin" TrapEnd="MiterTrapEnds" ObjectsToImages="true" ImagesToImages="true" InternalImages="false" OneBitImages="true" ImagePlacement="CenterEdges" StepThreshold="10" BlackColorThreshold="100" BlackDensity="1.6" SlidingTrapThreshold="70" ColorReduction="100" />
</idPkg:Styles>