<?xml version="1.0" encoding="UTF-8" standalone="yes"?>
<idPkg:MasterSpread xmlns:idPkg="http://ns.adobe.com/AdobeInDesign/idml/1.0/packaging" DOMVersion="8.0">
	<MasterSpread Self="ub0" ItemTransform="1 0 0 1 0 0" OverriddenPageItemProps="" Name="A-Master" NamePrefix="A" BaseName="Master" ShowMasterItems="true" PageCount="2" PrimaryTextFrame="n">
		<Properties>
			<PageColor type="enumeration">UseMasterColor</PageColor>
		</Properties>
		<Page Self="ub5" AppliedAlternateLayout="n" LayoutRule="Off" SnapshotBlendingMode="IgnoreLayoutSnapshots" OptionalPage="false" GeometricBounds="0 0 792 612" ItemTransform="1 0 0 1 -612 -396" Name="A" AppliedTrapPreset="TrapPreset/$ID/kDefaultTrapStyleName" OverrideList="" AppliedMaster="n" MasterPageTransform="1 0 0 1 0 0" TabOrder="" GridStartingPoint="TopOutside" UseMasterGrid="true">
			<Properties>
				<PageColor type="enumeration">UseMasterColor</PageColor>
			</Properties>
			<MarginPreference ColumnCount="1" ColumnGutter="12" Top="36" Bottom="36" Left="36" Right="36" ColumnDirection="Horizontal" ColumnsPositions="0 540" />
			<GridDataInformation FontStyle="Regular" PointSize="12" CharacterAki="0" LineAki="9" HorizontalScale="100" VerticalScale="100" LineAlignment="LeftOrTopLineJustify" GridAlignment="AlignEmCenter" CharacterAlignment="AlignEmCenter">
				<Properties>
					<AppliedFont type="string">Minion Pro</AppliedFont>
				</Properties>
			</GridDataInformation>
		</Page>
		<Page Self="ub6" AppliedAlternateLayout="n" LayoutRule="Off" SnapshotBlendingMode="IgnoreLayoutSnapshots" OptionalPage="false" GeometricBounds="0 0 792 612" ItemTransform="1 0 0 1 0 -396" Name="A" AppliedTrapPreset="TrapPreset/$ID/kDefaultTrapStyleName" OverrideList="" AppliedMaster="n" MasterPageTransform="1 0 0 1 0 0" TabOrder="" GridStartingPoint="TopOutside" UseMasterGrid="true">
			<Properties>
				<PageColor type="enumeration">UseMasterColor</PageColor>
			</Properties>
			<MarginPreference ColumnCount="1" ColumnGutter="12" Top="36" Bottom="36" Left="36" Right="36" ColumnDirection="Horizontal" ColumnsPositions="0 540" />
			<GridDataInformation FontStyle="Regular" PointSize="12" CharacterAki="0" LineAki="9" HorizontalScale="100" VerticalScale="100" LineAlignment="LeftOrTopLineJustify" GridAlignment="AlignEmCenter" CharacterAlignment="AlignEmCenter">
				<Properties>
					<AppliedFont type="string">Minion Pro</AppliedFont>
				</Properties>
			</GridDataInformation>
		</Page>
	</MasterSpread>
</idPkg:MasterSpread>
