<?xml version="1.0" encoding="UTF-8" standalone="yes"?>
<idPkg:Story xmlns:idPkg="http://ns.adobe.com/AdobeInDesign/idml/1.0/packaging" DOMVersion="8.0">
	<Story Self="u147" AppliedTOCStyle="n" TrackChanges="false" StoryTitle="$ID/" AppliedNamedGrid="n">
		<StoryPreference OpticalMarginAlignment="false" OpticalMarginSize="12" FrameType="TextFrameType" StoryOrientation="Horizontal" StoryDirection="LeftToRightDirection" />
		<InCopyExportOption IncludeGraphicProxies="true" IncludeAllResources="false" />
		<ParagraphStyleRange AppliedParagraphStyle="ParagraphStyle/$ID/[No paragraph style]" LeftIndent="5" Hyphenation="false" DropcapDetail="0" TreatIdeographicSpaceAsSpace="false">
			<CharacterStyleRange AppliedCharacterStyle="CharacterStyle/Neutra section headers" FillColor="Color/Maroon 202" FontStyle="Black" DiacriticPosition="OpentypePosition">
				<Properties>
					<AppliedFont type="string">Arial</AppliedFont>
				</Properties>
				<Content>DAY, MONTH, DATE</Content>
				<Br />
				<Content>00:00-00:00 </Content>
			</CharacterStyleRange>
			<CharacterStyleRange AppliedCharacterStyle="CharacterStyle/Neutra section headers" FillColor="Color/Maroon 202" FontStyle="Black" Capitalization="Normal" DiacriticPosition="OpentypePosition">
				<Properties>
					<AppliedFont type="string">Arial</AppliedFont>
				</Properties>
				<Content>p.m.</Content>
			</CharacterStyleRange>
			<CharacterStyleRange AppliedCharacterStyle="CharacterStyle/Neutra section headers" FillColor="Color/Maroon 202" FontStyle="Black" DiacriticPosition="OpentypePosition">
				<Properties>
					<AppliedFont type="string">Arial</AppliedFont>
				</Properties>
				<Content> OR </Content>
			</CharacterStyleRange>
			<CharacterStyleRange AppliedCharacterStyle="CharacterStyle/Neutra section headers" FillColor="Color/Maroon 202" FontStyle="Black" Capitalization="Normal" DiacriticPosition="OpentypePosition">
				<Properties>
					<AppliedFont type="string">Arial</AppliedFont>
				</Properties>
				<Content>a.m.</Content>
			</CharacterStyleRange>
			<CharacterStyleRange AppliedCharacterStyle="CharacterStyle/Neutra section headers" FillColor="Color/Maroon 202" FontStyle="Black" DiacriticPosition="OpentypePosition">
				<Properties>
					<AppliedFont type="string">Arial</AppliedFont>
				</Properties>
				<Br />
			</CharacterStyleRange>
			<CharacterStyleRange AppliedCharacterStyle="CharacterStyle/Body Copy" FontStyle="Black" PointSize="15" DiacriticPosition="OpentypePosition">
				<Properties>
					<Leading type="unit">18</Leading>
					<AppliedFont type="string">Arial</AppliedFont>
				</Properties>
				<Content>Location</Content>
			</CharacterStyleRange>
			<CharacterStyleRange AppliedCharacterStyle="CharacterStyle/Body Copy" FontStyle="Black" PointSize="13" DiacriticPosition="OpentypePosition">
				<Properties>
					<Leading type="unit">14</Leading>
					<AppliedFont type="string">Arial</AppliedFont>
				</Properties>
				<Content> </Content>
			</CharacterStyleRange>
			<CharacterStyleRange AppliedCharacterStyle="CharacterStyle/Body Copy" FontStyle="Regular" PointSize="13" DiacriticPosition="OpentypePosition">
				<Properties>
					<Leading type="unit">16</Leading>
					<AppliedFont type="string">Arial</AppliedFont>
				</Properties>
				<Content>Registration required oi.uchicago.edu/register</Content>
			</CharacterStyleRange>
			<CharacterStyleRange AppliedCharacterStyle="CharacterStyle/Body Copy" FontStyle="Regular" PointSize="13" DiacriticPosition="OpentypePosition">
				<Properties>
					<Leading type="unit">15</Leading>
					<AppliedFont type="string">Arial</AppliedFont>
				</Properties>
				<Content> $xx members $xx non-members</Content>
			</CharacterStyleRange>
			<CharacterStyleRange AppliedCharacterStyle="CharacterStyle/Body Copy" FontStyle="Regular" PointSize="13" DiacriticPosition="OpentypePosition">
				<Properties>
					<Leading type="unit">14</Leading>
					<AppliedFont type="string">Arial</AppliedFont>
				</Properties>
				<Br />
			</CharacterStyleRange>
			<CharacterStyleRange AppliedCharacterStyle="CharacterStyle/Body Copy" FontStyle="Regular" PointSize="13" DiacriticPosition="OpentypePosition">
				<Properties>
					<Leading type="unit">10</Leading>
					<AppliedFont type="string">Arial</AppliedFont>
				</Properties>
				<Br />
			</CharacterStyleRange>
			<CharacterStyleRange AppliedCharacterStyle="CharacterStyle/Body Copy" FontStyle="Regular" PointSize="12" DiacriticPosition="OpentypePosition">
				<Properties>
					<Leading type="unit">16</Leading>
					<AppliedFont type="string">Arial</AppliedFont>
				</Properties>
				<Content>Lorem ipsum dolor sit amet, eu risus, varius sociosqu faucibus, nullam ultrices semper non sit vitae nibh. Dignissim et nunc reprehenderit justo proin nisl, augue tincidunt pharetra cras integer suspendisse ac, scelerisque blandit, non hymenaeos erat. </Content>
				<Br />
				<Br />
				<Content>Adipiscing nulla nunc magna ut, pede ante, id purus dolor vivamus in, nulla dui volutpat morbi, ac imperdiet integer eu. Dolor rutrum dolor vivamus cras ac metus.</Content>
			</CharacterStyleRange>
		</ParagraphStyleRange>
	</Story>
</idPkg:Story>
