<?xml version="1.0" encoding="UTF-8" standalone="yes"?>
<idPkg:Story xmlns:idPkg="http://ns.adobe.com/AdobeInDesign/idml/1.0/packaging" DOMVersion="8.0">
	<Story Self="u1bb" AppliedTOCStyle="n" TrackChanges="false" StoryTitle="$ID/" AppliedNamedGrid="n">
		<StoryPreference OpticalMarginAlignment="false" OpticalMarginSize="12" FrameType="TextFrameType" StoryOrientation="Horizontal" StoryDirection="LeftToRightDirection" />
		<InCopyExportOption IncludeGraphicProxies="true" IncludeAllResources="false" />
		<ParagraphStyleRange AppliedParagraphStyle="ParagraphStyle/$ID/NormalParagraphStyle">
			<CharacterStyleRange AppliedCharacterStyle="CharacterStyle/$ID/[No character style]" FillColor="Color/Paper" PointSize="22">
				<Properties>
					<Leading type="unit">26.4</Leading>
					<AppliedFont type="string">SS Social</AppliedFont>
				</Properties>
				<Polygon Self="u30b" ContentType="Unassigned" StoryTitle="$ID/" ParentInterfaceChangeCount="" TargetInterfaceChangeCount="" LastUpdatedInterfaceChangeCount="" OverriddenPageItemProps="" HorizontalLayoutConstraints="FlexibleDimension FixedDimension FlexibleDimension" VerticalLayoutConstraints="FlexibleDimension FixedDimension FlexibleDimension" FillColor="Color/Paper" CornerRadius="0.167" StrokeTint="-1" GradientFillStart="0 0" GradientFillLength="0" GradientFillAngle="0" GradientStrokeStart="0 0" GradientStrokeLength="0" GradientStrokeAngle="0" Locked="false" LocalDisplaySetting="Default" GradientFillHiliteLength="0" GradientFillHiliteAngle="0" GradientStrokeHiliteLength="0" GradientStrokeHiliteAngle="0" AppliedObjectStyle="ObjectStyle/$ID/[None]" Visible="true" Name="$ID/" TopLeftCornerRadius="0.167" ItemTransform="1 0 0 1 0 -22">
					<Properties>
						<PathGeometry>
							<GeometryPathType PathOpen="false">
								<PathPointArray>
									<PathPointType Anchor="22 4.125" LeftDirection="22 4.125" RightDirection="22 3.3623046875" />
									<PathPointType Anchor="20.625 2.75" LeftDirection="21.3876953125 2.75" RightDirection="20.625 2.75" />
									<PathPointType Anchor="1.375 2.75" LeftDirection="1.375 2.75" RightDirection="0.6123046875 2.75" />
									<PathPointType Anchor="0 4.125" LeftDirection="0 3.3623046875" RightDirection="0 4.125" />
									<PathPointType Anchor="11 12.375" LeftDirection="11 12.375" RightDirection="11 12.375" />
								</PathPointArray>
							</GeometryPathType>
							<GeometryPathType PathOpen="false">
								<PathPointArray>
									<PathPointType Anchor="0 6.595703125" LeftDirection="0 6.595703125" RightDirection="0 6.595703125" />
									<PathPointType Anchor="0 17.875" LeftDirection="0 17.875" RightDirection="0 18.6376953125" />
									<PathPointType Anchor="1.375 19.25" LeftDirection="0.6123046875 19.25" RightDirection="1.375 19.25" />
									<PathPointType Anchor="20.625 19.25" LeftDirection="20.625 19.25" RightDirection="21.3876953125 19.25" />
									<PathPointType Anchor="22 17.875" LeftDirection="22 18.6376953125" RightDirection="22 17.875" />
									<PathPointType Anchor="22 6.595703125" LeftDirection="22 6.595703125" RightDirection="22 6.595703125" />
									<PathPointType Anchor="11 14.845703125" LeftDirection="11 14.845703125" RightDirection="11 14.845703125" />
								</PathPointArray>
							</GeometryPathType>
							<GeometryPathType PathOpen="false">
								<PathPointArray>
									<PathPointType Anchor="49.5 3.9423828125" LeftDirection="48.8876953125 4.8662109375" RightDirection="48.68359375 4.3076171875" />
									<PathPointType Anchor="46.900390625 4.662109375" LeftDirection="47.82421875 4.5546875" RightDirection="47.845703125 4.103515625" />
									<PathPointType Anchor="48.8876953125 2.1591796875" LeftDirection="48.5546875 3.2119140625" RightDirection="48.0283203125 2.6748046875" />
									<PathPointType Anchor="46.041015625 3.2548828125" LeftDirection="47.05078125 3.05078125" RightDirection="45.1923828125 2.3955078125" />
									<PathPointType Anchor="42.7216796875 1.8369140625" LeftDirection="44.021484375 1.8369140625" RightDirection="40.2294921875 1.8369140625" />
									<PathPointType Anchor="38.220703125 6.337890625" LeftDirection="38.220703125 3.845703125" RightDirection="38.220703125 6.6923828125" />
									<PathPointType Anchor="38.3173828125 7.3798828125" LeftDirection="38.2421875 7.0576171875" RightDirection="34.5791015625 7.17578125" />
									<PathPointType Anchor="29.025390625 2.75" LeftDirection="31.2705078125 5.478515625" RightDirection="28.6494140625 3.416015625" />
									<PathPointType Anchor="28.4130859375 4.94140625" LeftDirection="28.4130859375 4.103515625" RightDirection="28.4130859375 6.48828125" />
									<PathPointType Anchor="30.4326171875 8.6796875" LeftDirection="29.2080078125 7.86328125" RightDirection="29.69140625 8.658203125" />
									<PathPointType Anchor="28.3916015625 8.12109375" LeftDirection="29.00390625 8.4541015625" RightDirection="28.3916015625 8.1533203125" />
									<PathPointType Anchor="28.3916015625 8.1748046875" LeftDirection="28.3916015625 8.1533203125" RightDirection="28.3916015625 10.3662109375" />
									<PathPointType Anchor="32.01171875 12.6005859375" LeftDirection="29.94921875 12.1923828125" RightDirection="31.625 12.7080078125" />
									<PathPointType Anchor="30.80859375 12.76171875" LeftDirection="31.216796875 12.76171875" RightDirection="30.529296875 12.76171875" />
									<PathPointType Anchor="29.970703125 12.67578125" LeftDirection="30.25 12.7294921875" RightDirection="30.529296875 14.458984375" />
									<PathPointType Anchor="34.1708984375 15.8125" LeftDirection="32.2158203125 15.791015625" RightDirection="32.6455078125 17.037109375" />
									<PathPointType Anchor="28.57421875 17.9501953125" LeftDirection="30.6796875 17.9501953125" RightDirection="28.208984375 17.9501953125" />
									<PathPointType Anchor="27.5 17.875" LeftDirection="27.8544921875 17.9287109375" RightDirection="29.4873046875 19.1533203125" />
									<PathPointType Anchor="34.4287109375 19.7119140625" LeftDirection="31.8828125 19.7119140625" RightDirection="42.7216796875 19.7119140625" />
									<PathPointType Anchor="47.2548828125 6.875" LeftDirection="47.2548828125 12.8369140625" RightDirection="47.2548828125 6.6708984375" />
									<PathPointType Anchor="47.2548828125 6.2841796875" LeftDirection="47.2548828125 6.48828125" RightDirection="48.125 5.650390625" />
								</PathPointArray>
							</GeometryPathType>
							<GeometryPathType PathOpen="false">
								<PathPointArray>
									<PathPointType Anchor="77 1.375" LeftDirection="77 1.375" RightDirection="77 0.623046875" />
									<PathPointType Anchor="75.625 0" LeftDirection="76.376953125 0" RightDirection="75.625 0" />
									<PathPointType Anchor="56.375 0" LeftDirection="56.375 0" RightDirection="55.623046875 0" />
									<PathPointType Anchor="55 1.375" LeftDirection="55 0.623046875" RightDirection="55 1.375" />
									<PathPointType Anchor="55 20.625" LeftDirection="55 20.625" RightDirection="55 21.376953125" />
									<PathPointType Anchor="56.375 22" LeftDirection="55.623046875 22" RightDirection="56.375 22" />
									<PathPointType Anchor="66.7626953125 22" LeftDirection="66.7626953125 22" RightDirection="66.7626953125 22" />
									<PathPointType Anchor="66.7626953125 13.44921875" LeftDirection="66.7626953125 13.44921875" RightDirection="66.7626953125 13.44921875" />
									<PathPointType Anchor="64.0126953125 13.44921875" LeftDirection="64.0126953125 13.44921875" RightDirection="64.0126953125 13.44921875" />
									<PathPointType Anchor="64.0126953125 10.2802734375" LeftDirection="64.0126953125 10.2802734375" RightDirection="64.0126953125 10.2802734375" />
									<PathPointType Anchor="66.7626953125 10.2802734375" LeftDirection="66.7626953125 10.2802734375" RightDirection="66.7626953125 10.2802734375" />
									<PathPointType Anchor="66.7626953125 7.541015625" LeftDirection="66.7626953125 7.541015625" RightDirection="66.7626953125 5.0380859375" />
									<PathPointType Anchor="71.306640625 3.3623046875" LeftDirection="68.2880859375 3.3623046875" RightDirection="72.638671875 3.3623046875" />
									<PathPointType Anchor="73.5625 3.5126953125" LeftDirection="73.5625 3.5126953125" RightDirection="73.5625 3.5126953125" />
									<PathPointType Anchor="73.5625 6.3701171875" LeftDirection="73.5625 6.3701171875" RightDirection="73.5625 6.3701171875" />
									<PathPointType Anchor="71.5 6.3701171875" LeftDirection="71.5 6.3701171875" RightDirection="70.5869140625 6.3701171875" />
									<PathPointType Anchor="70.125 7.7880859375" LeftDirection="70.125 6.8857421875" RightDirection="70.125 7.7880859375" />
									<PathPointType Anchor="70.125 10.2802734375" LeftDirection="70.125 10.2802734375" RightDirection="70.125 10.2802734375" />
									<PathPointType Anchor="73.3369140625 10.2802734375" LeftDirection="73.3369140625 10.2802734375" RightDirection="73.3369140625 10.2802734375" />
									<PathPointType Anchor="72.875 13.44921875" LeftDirection="72.875 13.44921875" RightDirection="72.875 13.44921875" />
									<PathPointType Anchor="70.125 13.44921875" LeftDirection="70.125 13.44921875" RightDirection="70.125 13.44921875" />
									<PathPointType Anchor="70.125 22" LeftDirection="70.125 22" RightDirection="70.125 22" />
									<PathPointType Anchor="75.625 22" LeftDirection="75.625 22" RightDirection="76.376953125 22" />
									<PathPointType Anchor="77 20.625" LeftDirection="77 21.376953125" RightDirection="77 20.625" />
								</PathPointArray>
							</GeometryPathType>
							<GeometryPathType PathOpen="false">
								<PathPointArray>
									<PathPointType Anchor="93.5 3.2119140625" LeftDirection="104.5 3.2119140625" RightDirection="82.5 3.2119140625" />
									<PathPointType Anchor="82.5 11" LeftDirection="82.5 3.2119140625" RightDirection="82.5 18.7880859375" />
									<PathPointType Anchor="93.5 18.7880859375" LeftDirection="82.5 18.7880859375" RightDirection="104.5 18.7880859375" />
									<PathPointType Anchor="104.5 11" LeftDirection="104.5 18.7880859375" RightDirection="104.5 3.2119140625" />
								</PathPointArray>
							</GeometryPathType>
							<GeometryPathType PathOpen="false">
								<PathPointArray>
									<PathPointType Anchor="90.75 15.125" LeftDirection="90.75 15.125" RightDirection="90.75 15.125" />
									<PathPointType Anchor="90.75 6.875" LeftDirection="90.75 6.875" RightDirection="90.75 6.875" />
									<PathPointType Anchor="97.625 11" LeftDirection="97.625 11" RightDirection="97.625 11" />
								</PathPointArray>
							</GeometryPathType>
							<GeometryPathType PathOpen="false">
								<PathPointArray>
									<PathPointType Anchor="116.875 18.5625" LeftDirection="116.875 20.474609375" RightDirection="116.875 16.6826171875" />
									<PathPointType Anchor="113.4375 15.125" LeftDirection="115.3173828125 15.125" RightDirection="111.525390625 15.125" />
									<PathPointType Anchor="110 18.5625" LeftDirection="110 16.6826171875" RightDirection="110 20.474609375" />
									<PathPointType Anchor="113.4375 22" LeftDirection="111.525390625 22" RightDirection="115.3173828125 22" />
								</PathPointArray>
							</GeometryPathType>
							<GeometryPathType PathOpen="false">
								<PathPointArray>
									<PathPointType Anchor="132 21.5380859375" LeftDirection="132 21.7958984375" RightDirection="132 9.646484375" />
									<PathPointType Anchor="110.4619140625 0" LeftDirection="122.353515625 0" RightDirection="110.2041015625 0" />
									<PathPointType Anchor="110 0.4619140625" LeftDirection="110 0.2041015625" RightDirection="110 0.4619140625" />
									<PathPointType Anchor="110 3.6630859375" LeftDirection="110 3.6630859375" RightDirection="110 3.9208984375" />
									<PathPointType Anchor="110.4619140625 4.125" LeftDirection="110.2041015625 4.125" RightDirection="120.0869140625 4.125" />
									<PathPointType Anchor="127.875 21.5380859375" LeftDirection="127.875 11.9130859375" RightDirection="127.875 21.7958984375" />
									<PathPointType Anchor="128.3369140625 22" LeftDirection="128.0791015625 22" RightDirection="128.3369140625 22" />
									<PathPointType Anchor="131.5380859375 22" LeftDirection="131.5380859375 22" RightDirection="131.7958984375 22" />
								</PathPointArray>
							</GeometryPathType>
							<GeometryPathType PathOpen="false">
								<PathPointArray>
									<PathPointType Anchor="125.125 21.5380859375" LeftDirection="125.125 21.7958984375" RightDirection="125.125 13.44921875" />
									<PathPointType Anchor="110.4619140625 6.875" LeftDirection="118.55078125 6.875" RightDirection="110.2041015625 6.875" />
									<PathPointType Anchor="110 7.3369140625" LeftDirection="110 7.0791015625" RightDirection="110 7.3369140625" />
									<PathPointType Anchor="110 10.5380859375" LeftDirection="110 10.5380859375" RightDirection="110 10.7958984375" />
									<PathPointType Anchor="110.4619140625 11" LeftDirection="110.2041015625 11" RightDirection="116.2841796875 11" />
									<PathPointType Anchor="121 21.5380859375" LeftDirection="121 15.7158203125" RightDirection="121 21.7958984375" />
									<PathPointType Anchor="121.4619140625 22" LeftDirection="121.2041015625 22" RightDirection="121.4619140625 22" />
									<PathPointType Anchor="124.6630859375 22" LeftDirection="124.6630859375 22" RightDirection="124.9208984375 22" />
								</PathPointArray>
							</GeometryPathType>
						</PathGeometry>
					</Properties>
					<TextWrapPreference Inverse="false" ApplyToMasterPageOnly="false" TextWrapSide="BothSides" TextWrapMode="None">
						<Properties>
							<TextWrapOffset Top="0" Left="0" Bottom="0" Right="0" />
						</Properties>
					</TextWrapPreference>
					<InCopyExportOption IncludeGraphicProxies="true" IncludeAllResources="false" />
					<ObjectExportOption AltTextSourceType="SourceXMLStructure" ActualTextSourceType="SourceXMLStructure" CustomAltText="$ID/" CustomActualText="$ID/" ApplyTagType="TagFromStructure" CustomImageConversion="false" ImageConversionType="JPEG" CustomImageSizeOption="SizeRelativeToPageWidth" ImageExportResolution="Ppi300" GIFOptionsPalette="AdaptivePalette" GIFOptionsInterlaced="true" JPEGOptionsQuality="High" JPEGOptionsFormat="BaselineEncoding" ImageAlignment="AlignLeft" ImageSpaceBefore="0" ImageSpaceAfter="0" UseImagePageBreak="false" ImagePageBreak="PageBreakBefore" CustomImageAlignment="false" SpaceUnit="CssPixel" CustomLayout="false" CustomLayoutType="AlignmentAndSpacing">
						<Properties>
							<AltMetadataProperty NamespacePrefix="$ID/" PropertyPath="$ID/" />
							<ActualMetadataProperty NamespacePrefix="$ID/" PropertyPath="$ID/" />
						</Properties>
					</ObjectExportOption>
				</Polygon>
			</CharacterStyleRange>
		</ParagraphStyleRange>
	</Story>
</idPkg:Story>
