<?xml version="1.0" encoding="UTF-8" standalone="yes"?>
<idPkg:Spread xmlns:idPkg="http://ns.adobe.com/AdobeInDesign/idml/1.0/packaging" DOMVersion="8.0">
	<Spread Self="ue6" FlattenerOverride="Default" AllowPageShuffle="true" ItemTransform="1 0 0 1 0 0" ShowMasterItems="true" PageCount="1" BindingLocation="0" PageTransitionType="None" PageTransitionDirection="NotApplicable" PageTransitionDuration="Medium">
		<FlattenerPreference LineArtAndTextResolution="300" GradientAndMeshResolution="150" ClipComplexRegions="false" ConvertAllStrokesToOutlines="false" ConvertAllTextToOutlines="false">
			<Properties>
				<RasterVectorBalance type="double">50</RasterVectorBalance>
			</Properties>
		</FlattenerPreference>
		<Page Self="ueb" AppliedAlternateLayout="uab" LayoutRule="UseMaster" SnapshotBlendingMode="IgnoreLayoutSnapshots" OptionalPage="false" GeometricBounds="0 0 792 612" ItemTransform="1 0 0 1 0 -396" Name="1" AppliedTrapPreset="TrapPreset/$ID/kDefaultTrapStyleName" OverrideList="" AppliedMaster="ub0" MasterPageTransform="1 0 0 1 0 0" TabOrder="" GridStartingPoint="TopOutside" UseMasterGrid="true">
			<Properties>
				<Descriptor type="list">
					<ListItem type="string"></ListItem>
					<ListItem type="enumeration">Arabic</ListItem>
					<ListItem type="boolean">true</ListItem>
					<ListItem type="boolean">false</ListItem>
					<ListItem type="long">1</ListItem>
					<ListItem type="string"></ListItem>
				</Descriptor>
				<PageColor type="enumeration">UseMasterColor</PageColor>
			</Properties>
			<MarginPreference ColumnCount="1" ColumnGutter="12" Top="36" Bottom="36" Left="36" Right="36" ColumnDirection="Horizontal" ColumnsPositions="0 540" />
			<GridDataInformation FontStyle="Regular" PointSize="12" CharacterAki="0" LineAki="9" HorizontalScale="100" VerticalScale="100" LineAlignment="LeftOrTopLineJustify" GridAlignment="AlignEmCenter" CharacterAlignment="AlignEmCenter">
				<Properties>
					<AppliedFont type="string">Minion Pro</AppliedFont>
				</Properties>
			</GridDataInformation>
			<Guide Self="u23b" OverriddenPageItemProps="" Orientation="Horizontal" Location="783" FitToPage="false" ViewThreshold="5" Locked="false" ItemLayer="uaf" PageIndex="0" GuideType="Ruler" GuideZone="1">
				<Properties>
					<GuideColor type="enumeration">Cyan</GuideColor>
				</Properties>
			</Guide>
			<Guide Self="u239" OverriddenPageItemProps="" Orientation="Vertical" Location="586.08" FitToPage="true" ViewThreshold="5" Locked="false" ItemLayer="uaf" PageIndex="1" GuideType="Ruler" GuideZone="1">
				<Properties>
					<GuideColor type="enumeration">Cyan</GuideColor>
				</Properties>
			</Guide>
			<Guide Self="u237" OverriddenPageItemProps="" Orientation="Horizontal" Location="9" FitToPage="false" ViewThreshold="5" Locked="false" ItemLayer="uaf" PageIndex="0" GuideType="Ruler" GuideZone="1">
				<Properties>
					<GuideColor type="enumeration">Cyan</GuideColor>
				</Properties>
			</Guide>
			<Guide Self="u236" OverriddenPageItemProps="" Orientation="Vertical" Location="27" FitToPage="true" ViewThreshold="5" Locked="false" ItemLayer="uaf" PageIndex="1" GuideType="Ruler" GuideZone="1">
				<Properties>
					<GuideColor type="enumeration">Cyan</GuideColor>
				</Properties>
			</Guide>
			<Guide Self="ued" OverriddenPageItemProps="" Orientation="Horizontal" Location="141.12" FitToPage="true" ViewThreshold="5" Locked="false" ItemLayer="uaf" PageIndex="1" GuideType="Ruler" GuideZone="1">
				<Properties>
					<GuideColor type="enumeration">Cyan</GuideColor>
				</Properties>
			</Guide>
		</Page>
		<TextFrame Self="u272" ParentStory="u2e7" PreviousTextFrame="n" NextTextFrame="n" ContentType="TextType" ParentInterfaceChangeCount="" TargetInterfaceChangeCount="" LastUpdatedInterfaceChangeCount="" OverriddenPageItemProps="" HorizontalLayoutConstraints="FlexibleDimension FixedDimension FlexibleDimension" VerticalLayoutConstraints="FlexibleDimension FixedDimension FlexibleDimension" FillColor="Color/Black" GradientFillStart="0 0" GradientFillLength="0" GradientFillAngle="0" GradientStrokeStart="0 0" GradientStrokeLength="0" GradientStrokeAngle="0" ItemLayer="uaf" Locked="false" LocalDisplaySetting="Default" GradientFillHiliteLength="0" GradientFillHiliteAngle="0" GradientStrokeHiliteLength="0" GradientStrokeHiliteAngle="0" AppliedObjectStyle="ObjectStyle/$ID/[None]" Visible="true" Name="$ID/" ItemTransform="1 0 0 1 729 22.78285714395645">
			<Properties>
				<PathGeometry>
					<GeometryPathType PathOpen="false">
						<PathPointArray>
							<PathPointType Anchor="-702 -364.0628571439565" LeftDirection="-702 -364.0628571439565" RightDirection="-702 -364.0628571439565" />
							<PathPointType Anchor="-702 11.2171428560436" LeftDirection="-702 11.2171428560436" RightDirection="-702 11.2171428560436" />
							<PathPointType Anchor="-142.91999999999982 11.2171428560436" LeftDirection="-142.91999999999982 11.2171428560436" RightDirection="-142.91999999999982 11.2171428560436" />
							<PathPointType Anchor="-142.91999999999982 -364.0628571439565" LeftDirection="-142.91999999999982 -364.0628571439565" RightDirection="-142.91999999999982 -364.0628571439565" />
						</PathPointArray>
					</GeometryPathType>
				</PathGeometry>
			</Properties>
			<TextFramePreference TextColumnFixedWidth="559.0800000000002" TextColumnMaxWidth="0" />
			<TextWrapPreference Inverse="false" ApplyToMasterPageOnly="false" TextWrapSide="BothSides" TextWrapMode="None">
				<Properties>
					<TextWrapOffset Top="0" Left="0" Bottom="0" Right="0" />
				</Properties>
			</TextWrapPreference>
			<ObjectExportOption AltTextSourceType="SourceXMLStructure" ActualTextSourceType="SourceXMLStructure" CustomAltText="$ID/" CustomActualText="$ID/" ApplyTagType="TagFromStructure" CustomImageConversion="false" ImageConversionType="JPEG" CustomImageSizeOption="SizeRelativeToPageWidth" ImageExportResolution="Ppi300" GIFOptionsPalette="AdaptivePalette" GIFOptionsInterlaced="true" JPEGOptionsQuality="High" JPEGOptionsFormat="BaselineEncoding" ImageAlignment="AlignLeft" ImageSpaceBefore="0" ImageSpaceAfter="0" UseImagePageBreak="false" ImagePageBreak="PageBreakBefore" CustomImageAlignment="false" SpaceUnit="CssPixel" CustomLayout="false" CustomLayoutType="AlignmentAndSpacing">
				<Properties>
					<AltMetadataProperty NamespacePrefix="$ID/" PropertyPath="$ID/" />
					<ActualMetadataProperty NamespacePrefix="$ID/" PropertyPath="$ID/" />
				</Properties>
			</ObjectExportOption>
		</TextFrame>
		<TextFrame Self="uee" ParentStory="u1a5" PreviousTextFrame="n" NextTextFrame="n" ContentType="TextType" ParentInterfaceChangeCount="" TargetInterfaceChangeCount="" LastUpdatedInterfaceChangeCount="" OverriddenPageItemProps="" HorizontalLayoutConstraints="FlexibleDimension FixedDimension FlexibleDimension" VerticalLayoutConstraints="FlexibleDimension FixedDimension FlexibleDimension" FillColor="Color/Cool Gray 3 U" StrokeWeight="0" StrokeColor="Swatch/None" GradientFillStart="0 0" GradientFillLength="0" GradientFillAngle="0" GradientStrokeStart="0 0" GradientStrokeLength="0" GradientStrokeAngle="0" ItemLayer="uaf" Locked="false" LocalDisplaySetting="Default" GradientFillHiliteLength="0" GradientFillHiliteAngle="0" GradientStrokeHiliteLength="0" GradientStrokeHiliteAngle="0" AppliedObjectStyle="ObjectStyle/$ID/[Normal Graphics Frame]" Visible="true" Name="$ID/" ItemTransform="1 0 0 1 8.133208495775875 8.40455357109613">
			<Properties>
				<PathGeometry>
					<GeometryPathType PathOpen="false">
						<PathPointArray>
							<PathPointType Anchor="18.86679150422416 -395.5178571425269" LeftDirection="18.86679150422416 -395.5178571425269" RightDirection="18.86679150422416 -395.5178571425269" />
							<PathPointType Anchor="18.86679150422416 -339.7483928557089" LeftDirection="18.86679150422416 -339.7483928557089" RightDirection="18.86679150422416 -339.7483928557089" />
							<PathPointType Anchor="577.9467915042243 -339.7483928557089" LeftDirection="577.9467915042243 -339.7483928557089" RightDirection="577.9467915042243 -339.7483928557089" />
							<PathPointType Anchor="577.9467915042243 -395.5178571425269" LeftDirection="577.9467915042243 -395.5178571425269" RightDirection="577.9467915042243 -395.5178571425269" />
						</PathPointArray>
					</GeometryPathType>
				</PathGeometry>
			</Properties>
			<TextFramePreference TextColumnCount="1" TextColumnGutter="12" TextColumnFixedWidth="559.0800000000002" UseFixedColumnWidth="false" FirstBaselineOffset="AscentOffset" MinimumFirstBaselineOffset="0" VerticalJustification="TopAlign" VerticalThreshold="0" IgnoreWrap="false" UseFlexibleColumnWidth="false" TextColumnMaxWidth="0" AutoSizingType="Off" AutoSizingReferencePoint="CenterPoint" UseMinimumHeightForAutoSizing="false" MinimumHeightForAutoSizing="0" UseMinimumWidthForAutoSizing="false" MinimumWidthForAutoSizing="0" UseNoLineBreaksForAutoSizing="false" VerticalBalanceColumns="false">
				<Properties>
					<InsetSpacing type="list">
						<ListItem type="unit">0</ListItem>
						<ListItem type="unit">0</ListItem>
						<ListItem type="unit">0</ListItem>
						<ListItem type="unit">0</ListItem>
					</InsetSpacing>
				</Properties>
			</TextFramePreference>
			<BaselineFrameGridOption UseCustomBaselineFrameGrid="false" StartingOffsetForBaselineFrameGrid="0" BaselineFrameGridRelativeOption="TopOfInset" BaselineFrameGridIncrement="12">
				<Properties>
					<BaselineFrameGridColor type="enumeration">LightBlue</BaselineFrameGridColor>
				</Properties>
			</BaselineFrameGridOption>
			<TextWrapPreference Inverse="false" ApplyToMasterPageOnly="false" TextWrapSide="BothSides" TextWrapMode="None">
				<Properties>
					<TextWrapOffset Top="0" Left="0" Bottom="0" Right="0" />
				</Properties>
			</TextWrapPreference>
			<ObjectExportOption AltTextSourceType="SourceXMLStructure" ActualTextSourceType="SourceXMLStructure" CustomAltText="$ID/" CustomActualText="$ID/" ApplyTagType="TagFromStructure" CustomImageConversion="false" ImageConversionType="JPEG" CustomImageSizeOption="SizeRelativeToPageWidth" ImageExportResolution="Ppi300" GIFOptionsPalette="AdaptivePalette" GIFOptionsInterlaced="true" JPEGOptionsQuality="High" JPEGOptionsFormat="BaselineEncoding" ImageAlignment="AlignLeft" ImageSpaceBefore="0" ImageSpaceAfter="0" UseImagePageBreak="false" ImagePageBreak="PageBreakBefore" CustomImageAlignment="false" SpaceUnit="CssPixel" CustomLayout="false" CustomLayoutType="AlignmentAndSpacing">
				<Properties>
					<AltMetadataProperty NamespacePrefix="$ID/" PropertyPath="$ID/" />
					<ActualMetadataProperty NamespacePrefix="$ID/" PropertyPath="$ID/" />
				</Properties>
			</ObjectExportOption>
		</TextFrame>
		<Group Self="uef" ParentInterfaceChangeCount="" TargetInterfaceChangeCount="" LastUpdatedInterfaceChangeCount="" OverriddenPageItemProps="" HorizontalLayoutConstraints="FlexibleDimension FixedDimension FlexibleDimension" VerticalLayoutConstraints="FlexibleDimension FixedDimension FlexibleDimension" GradientFillStart="0 0" GradientFillLength="0" GradientFillAngle="0" GradientStrokeStart="0 0" GradientStrokeLength="0" GradientStrokeAngle="0" ItemLayer="uaf" Locked="false" LocalDisplaySetting="Default" GradientFillHiliteLength="0" GradientFillHiliteAngle="0" GradientStrokeHiliteLength="0" GradientStrokeHiliteAngle="0" AppliedObjectStyle="ObjectStyle/$ID/[None]" Visible="true" Name="$ID/" ItemTransform="1 0 0 1 -304.0900000000002 8.999999999999943">
			<TextWrapPreference Inverse="false" ApplyToMasterPageOnly="false" TextWrapSide="BothSides" TextWrapMode="None">
				<Properties>
					<TextWrapOffset Top="0" Left="0" Bottom="0" Right="0" />
				</Properties>
			</TextWrapPreference>
			<ObjectExportOption AltTextSourceType="SourceXMLStructure" ActualTextSourceType="SourceXMLStructure" CustomAltText="$ID/" CustomActualText="$ID/" ApplyTagType="TagFromStructure" CustomImageConversion="false" ImageConversionType="JPEG" CustomImageSizeOption="SizeRelativeToPageWidth" ImageExportResolution="Ppi300" GIFOptionsPalette="AdaptivePalette" GIFOptionsInterlaced="true" JPEGOptionsQuality="High" JPEGOptionsFormat="BaselineEncoding" ImageAlignment="AlignLeft" ImageSpaceBefore="0" ImageSpaceAfter="0" UseImagePageBreak="false" ImagePageBreak="PageBreakBefore" CustomImageAlignment="false" SpaceUnit="CssPixel" CustomLayout="false" CustomLayoutType="AlignmentAndSpacing">
				<Properties>
					<AltMetadataProperty NamespacePrefix="$ID/" PropertyPath="$ID/" />
					<ActualMetadataProperty NamespacePrefix="$ID/" PropertyPath="$ID/" />
				</Properties>
			</ObjectExportOption>
			<Rectangle Self="uf0" ContentType="Unassigned" StoryTitle="$ID/" ParentInterfaceChangeCount="" TargetInterfaceChangeCount="" LastUpdatedInterfaceChangeCount="" OverriddenPageItemProps="" HorizontalLayoutConstraints="FlexibleDimension FixedDimension FlexibleDimension" VerticalLayoutConstraints="FlexibleDimension FixedDimension FlexibleDimension" FillColor="Color/Yellow/Orange 138" StrokeWeight="0" StrokeColor="Swatch/None" GradientFillStart="0 0" GradientFillLength="0" GradientFillAngle="0" GradientStrokeStart="0 0" GradientStrokeLength="0" GradientStrokeAngle="0" LocalDisplaySetting="Default" GradientFillHiliteLength="0" GradientFillHiliteAngle="0" GradientStrokeHiliteLength="0" GradientStrokeHiliteAngle="0" AppliedObjectStyle="ObjectStyle/$ID/[Normal Graphics Frame]" Visible="true" Name="$ID/" ItemTransform="1 0 0 1 286.91999999999996 -1730.3276096082084">
				<Properties>
					<PathGeometry>
						<GeometryPathType PathOpen="false">
							<PathPointArray>
								<PathPointType Anchor="44.17000000000021 1334.3276096082095" LeftDirection="44.17000000000021 1334.3276096082095" RightDirection="44.17000000000021 1334.3276096082095" />
								<PathPointType Anchor="44.17000000000021 1389.9837703235967" LeftDirection="44.17000000000021 1389.9837703235967" RightDirection="44.17000000000021 1389.9837703235967" />
								<PathPointType Anchor="311.0853894927528 1389.9837703235967" LeftDirection="311.0853894927528 1389.9837703235967" RightDirection="311.0853894927528 1389.9837703235967" />
								<PathPointType Anchor="311.0853894927528 1334.3276096082095" LeftDirection="311.0853894927528 1334.3276096082095" RightDirection="311.0853894927528 1334.3276096082095" />
							</PathPointArray>
						</GeometryPathType>
					</PathGeometry>
				</Properties>
				<TextWrapPreference Inverse="false" ApplyToMasterPageOnly="false" TextWrapSide="BothSides" TextWrapMode="None">
					<Properties>
						<TextWrapOffset Top="0" Left="0" Bottom="0" Right="0" />
					</Properties>
				</TextWrapPreference>
				<InCopyExportOption IncludeGraphicProxies="true" IncludeAllResources="false" />
				<FrameFittingOption AutoFit="false" LeftCrop="0" TopCrop="0" RightCrop="0" BottomCrop="0" FittingOnEmptyFrame="None" FittingAlignment="CenterAnchor" />
				<ObjectExportOption AltTextSourceType="SourceXMLStructure" ActualTextSourceType="SourceXMLStructure" CustomAltText="$ID/" CustomActualText="$ID/" ApplyTagType="TagFromStructure" CustomImageConversion="false" ImageConversionType="JPEG" CustomImageSizeOption="SizeRelativeToPageWidth" ImageExportResolution="Ppi300" GIFOptionsPalette="AdaptivePalette" GIFOptionsInterlaced="true" JPEGOptionsQuality="High" JPEGOptionsFormat="BaselineEncoding" ImageAlignment="AlignLeft" ImageSpaceBefore="0" ImageSpaceAfter="0" UseImagePageBreak="false" ImagePageBreak="PageBreakBefore" CustomImageAlignment="false" SpaceUnit="CssPixel" CustomLayout="false" CustomLayoutType="AlignmentAndSpacing">
					<Properties>
						<AltMetadataProperty NamespacePrefix="$ID/" PropertyPath="$ID/" />
						<ActualMetadataProperty NamespacePrefix="$ID/" PropertyPath="$ID/" />
					</Properties>
				</ObjectExportOption>
			</Rectangle>
			<Group Self="uf1" ParentInterfaceChangeCount="" TargetInterfaceChangeCount="" LastUpdatedInterfaceChangeCount="" OverriddenPageItemProps="" HorizontalLayoutConstraints="FlexibleDimension FixedDimension FlexibleDimension" VerticalLayoutConstraints="FlexibleDimension FixedDimension FlexibleDimension" GradientFillStart="0 0" GradientFillLength="0" GradientFillAngle="0" GradientStrokeStart="0 0" GradientStrokeLength="0" GradientStrokeAngle="0" LocalDisplaySetting="Default" GradientFillHiliteLength="0" GradientFillHiliteAngle="0" GradientStrokeHiliteLength="0" GradientStrokeHiliteAngle="0" AppliedObjectStyle="ObjectStyle/$ID/[None]" Visible="true" Name="$ID/" ItemTransform="1 0 0 1 277.48573369565355 -735.6473441665411">
				<TextWrapPreference Inverse="false" ApplyToMasterPageOnly="false" TextWrapSide="BothSides" TextWrapMode="None">
					<Properties>
						<TextWrapOffset Top="0" Left="0" Bottom="0" Right="0" />
					</Properties>
				</TextWrapPreference>
				<ObjectExportOption AltTextSourceType="SourceXMLStructure" ActualTextSourceType="SourceXMLStructure" CustomAltText="$ID/" CustomActualText="$ID/" ApplyTagType="TagFromStructure" CustomImageConversion="false" ImageConversionType="JPEG" CustomImageSizeOption="SizeRelativeToPageWidth" ImageExportResolution="Ppi300" GIFOptionsPalette="AdaptivePalette" GIFOptionsInterlaced="true" JPEGOptionsQuality="High" JPEGOptionsFormat="BaselineEncoding" ImageAlignment="AlignLeft" ImageSpaceBefore="0" ImageSpaceAfter="0" UseImagePageBreak="false" ImagePageBreak="PageBreakBefore" CustomImageAlignment="false" SpaceUnit="CssPixel" CustomLayout="false" CustomLayoutType="AlignmentAndSpacing">
					<Properties>
						<AltMetadataProperty NamespacePrefix="$ID/" PropertyPath="$ID/" />
						<ActualMetadataProperty NamespacePrefix="$ID/" PropertyPath="$ID/" />
					</Properties>
				</ObjectExportOption>
				<Rectangle Self="uf2" ContentType="Unassigned" StoryTitle="$ID/" ParentInterfaceChangeCount="" TargetInterfaceChangeCount="" LastUpdatedInterfaceChangeCount="" OverriddenPageItemProps="" HorizontalLayoutConstraints="FlexibleDimension FixedDimension FlexibleDimension" VerticalLayoutConstraints="FlexibleDimension FixedDimension FlexibleDimension" FillColor="Color/Violet 7449" StrokeWeight="0" StrokeColor="Swatch/None" GradientFillStart="0 0" GradientFillLength="0" GradientFillAngle="0" GradientStrokeStart="0 0" GradientStrokeLength="0" GradientStrokeAngle="0" LocalDisplaySetting="Default" GradientFillHiliteLength="0" GradientFillHiliteAngle="0" GradientStrokeHiliteLength="0" GradientStrokeHiliteAngle="0" AppliedObjectStyle="ObjectStyle/$ID/[Normal Graphics Frame]" Visible="true" Name="$ID/" ItemTransform="1 0 0 1 1.580000000000041 0.5000000000000568">
					<Properties>
						<PathGeometry>
							<GeometryPathType PathOpen="false">
								<PathPointArray>
									<PathPointType Anchor="253.93358951766956 339.1473441665412" LeftDirection="253.93358951766956 339.1473441665412" RightDirection="253.93358951766956 339.1473441665412" />
									<PathPointType Anchor="253.93358951766956 394.8035048819283" LeftDirection="253.93358951766956 394.8035048819283" RightDirection="253.93358951766956 394.8035048819283" />
									<PathPointType Anchor="326.298597013008 394.8035048819283" LeftDirection="326.298597013008 394.8035048819283" RightDirection="326.298597013008 394.8035048819283" />
									<PathPointType Anchor="326.298597013008 339.1473441665412" LeftDirection="326.298597013008 339.1473441665412" RightDirection="326.298597013008 339.1473441665412" />
								</PathPointArray>
							</GeometryPathType>
						</PathGeometry>
					</Properties>
					<TextWrapPreference Inverse="false" ApplyToMasterPageOnly="false" TextWrapSide="BothSides" TextWrapMode="None">
						<Properties>
							<TextWrapOffset Top="0" Left="0" Bottom="0" Right="0" />
						</Properties>
					</TextWrapPreference>
					<InCopyExportOption IncludeGraphicProxies="true" IncludeAllResources="false" />
					<FrameFittingOption AutoFit="false" LeftCrop="0" TopCrop="0" RightCrop="0" BottomCrop="0" FittingOnEmptyFrame="None" FittingAlignment="CenterAnchor" />
					<ObjectExportOption AltTextSourceType="SourceXMLStructure" ActualTextSourceType="SourceXMLStructure" CustomAltText="$ID/" CustomActualText="$ID/" ApplyTagType="TagFromStructure" CustomImageConversion="false" ImageConversionType="JPEG" CustomImageSizeOption="SizeRelativeToPageWidth" ImageExportResolution="Ppi300" GIFOptionsPalette="AdaptivePalette" GIFOptionsInterlaced="true" JPEGOptionsQuality="High" JPEGOptionsFormat="BaselineEncoding" ImageAlignment="AlignLeft" ImageSpaceBefore="0" ImageSpaceAfter="0" UseImagePageBreak="false" ImagePageBreak="PageBreakBefore" CustomImageAlignment="false" SpaceUnit="CssPixel" CustomLayout="false" CustomLayoutType="AlignmentAndSpacing">
						<Properties>
							<AltMetadataProperty NamespacePrefix="$ID/" PropertyPath="$ID/" />
							<ActualMetadataProperty NamespacePrefix="$ID/" PropertyPath="$ID/" />
						</Properties>
					</ObjectExportOption>
				</Rectangle>
				<Rectangle Self="uf3" ContentType="Unassigned" StoryTitle="$ID/" ParentInterfaceChangeCount="" TargetInterfaceChangeCount="" LastUpdatedInterfaceChangeCount="" OverriddenPageItemProps="" HorizontalLayoutConstraints="FlexibleDimension FixedDimension FlexibleDimension" VerticalLayoutConstraints="FlexibleDimension FixedDimension FlexibleDimension" FillColor="Color/Red 174" StrokeWeight="0" StrokeColor="Swatch/None" GradientFillStart="0 0" GradientFillLength="0" GradientFillAngle="0" GradientStrokeStart="0 0" GradientStrokeLength="0" GradientStrokeAngle="0" LocalDisplaySetting="Default" GradientFillHiliteLength="0" GradientFillHiliteAngle="0" GradientStrokeHiliteLength="0" GradientStrokeHiliteAngle="0" AppliedObjectStyle="ObjectStyle/$ID/[Normal Graphics Frame]" Visible="true" Name="$ID/" ItemTransform="1 0 0 1 -33.69999999999996 0.5000000000000568">
					<Properties>
						<PathGeometry>
							<GeometryPathType PathOpen="false">
								<PathPointArray>
									<PathPointType Anchor="264.098501406124 339.1473441665412" LeftDirection="264.098501406124 339.1473441665412" RightDirection="264.098501406124 339.1473441665412" />
									<PathPointType Anchor="264.098501406124 394.8035048819283" LeftDirection="264.098501406124 394.8035048819283" RightDirection="264.098501406124 394.8035048819283" />
									<PathPointType Anchor="289.21358951766956 394.8035048819283" LeftDirection="289.21358951766956 394.8035048819283" RightDirection="289.21358951766956 394.8035048819283" />
									<PathPointType Anchor="289.21358951766956 339.1473441665412" LeftDirection="289.21358951766956 339.1473441665412" RightDirection="289.21358951766956 339.1473441665412" />
								</PathPointArray>
							</GeometryPathType>
						</PathGeometry>
					</Properties>
					<TextWrapPreference Inverse="false" ApplyToMasterPageOnly="false" TextWrapSide="BothSides" TextWrapMode="None">
						<Properties>
							<TextWrapOffset Top="0" Left="0" Bottom="0" Right="0" />
						</Properties>
					</TextWrapPreference>
					<InCopyExportOption IncludeGraphicProxies="true" IncludeAllResources="false" />
					<FrameFittingOption AutoFit="false" LeftCrop="0" TopCrop="0" RightCrop="0" BottomCrop="0" FittingOnEmptyFrame="None" FittingAlignment="CenterAnchor" />
					<ObjectExportOption AltTextSourceType="SourceXMLStructure" ActualTextSourceType="SourceXMLStructure" CustomAltText="$ID/" CustomActualText="$ID/" ApplyTagType="TagFromStructure" CustomImageConversion="false" ImageConversionType="JPEG" CustomImageSizeOption="SizeRelativeToPageWidth" ImageExportResolution="Ppi300" GIFOptionsPalette="AdaptivePalette" GIFOptionsInterlaced="true" JPEGOptionsQuality="High" JPEGOptionsFormat="BaselineEncoding" ImageAlignment="AlignLeft" ImageSpaceBefore="0" ImageSpaceAfter="0" UseImagePageBreak="false" ImagePageBreak="PageBreakBefore" CustomImageAlignment="false" SpaceUnit="CssPixel" CustomLayout="false" CustomLayoutType="AlignmentAndSpacing">
						<Properties>
							<AltMetadataProperty NamespacePrefix="$ID/" PropertyPath="$ID/" />
							<ActualMetadataProperty NamespacePrefix="$ID/" PropertyPath="$ID/" />
						</Properties>
					</ObjectExportOption>
				</Rectangle>
				<Rectangle Self="uf4" ContentType="Unassigned" StoryTitle="$ID/" ParentInterfaceChangeCount="" TargetInterfaceChangeCount="" LastUpdatedInterfaceChangeCount="" OverriddenPageItemProps="" HorizontalLayoutConstraints="FlexibleDimension FixedDimension FlexibleDimension" VerticalLayoutConstraints="FlexibleDimension FixedDimension FlexibleDimension" FillColor="Color/Blue 633" StrokeWeight="0" StrokeColor="Swatch/None" GradientFillStart="0 0" GradientFillLength="0" GradientFillAngle="0" GradientStrokeStart="0 0" GradientStrokeLength="0" GradientStrokeAngle="0" LocalDisplaySetting="Default" GradientFillHiliteLength="0" GradientFillHiliteAngle="0" GradientStrokeHiliteLength="0" GradientStrokeHiliteAngle="0" AppliedObjectStyle="ObjectStyle/$ID/[Normal Graphics Frame]" Visible="true" Name="$ID/" ItemTransform="1 0 0 1 -45.219999999999914 0.5000000000000568">
					<Properties>
						<PathGeometry>
							<GeometryPathType PathOpen="false">
								<PathPointArray>
									<PathPointType Anchor="161.9109220776325 339.1473441665412" LeftDirection="161.9109220776325 339.1473441665412" RightDirection="161.9109220776325 339.1473441665412" />
									<PathPointType Anchor="161.9109220776325 394.8035048819283" LeftDirection="161.9109220776325 394.8035048819283" RightDirection="161.9109220776325 394.8035048819283" />
									<PathPointType Anchor="277.1041993151101 394.8035048819283" LeftDirection="277.1041993151101 394.8035048819283" RightDirection="277.1041993151101 394.8035048819283" />
									<PathPointType Anchor="277.1041993151101 339.1473441665412" LeftDirection="277.1041993151101 339.1473441665412" RightDirection="277.1041993151101 339.1473441665412" />
								</PathPointArray>
							</GeometryPathType>
						</PathGeometry>
					</Properties>
					<TextWrapPreference Inverse="false" ApplyToMasterPageOnly="false" TextWrapSide="BothSides" TextWrapMode="None">
						<Properties>
							<TextWrapOffset Top="0" Left="0" Bottom="0" Right="0" />
						</Properties>
					</TextWrapPreference>
					<InCopyExportOption IncludeGraphicProxies="true" IncludeAllResources="false" />
					<FrameFittingOption AutoFit="false" LeftCrop="0" TopCrop="0" RightCrop="0" BottomCrop="0" FittingOnEmptyFrame="None" FittingAlignment="CenterAnchor" />
					<ObjectExportOption AltTextSourceType="SourceXMLStructure" ActualTextSourceType="SourceXMLStructure" CustomAltText="$ID/" CustomActualText="$ID/" ApplyTagType="TagFromStructure" CustomImageConversion="false" ImageConversionType="JPEG" CustomImageSizeOption="SizeRelativeToPageWidth" ImageExportResolution="Ppi300" GIFOptionsPalette="AdaptivePalette" GIFOptionsInterlaced="true" JPEGOptionsQuality="High" JPEGOptionsFormat="BaselineEncoding" ImageAlignment="AlignLeft" ImageSpaceBefore="0" ImageSpaceAfter="0" UseImagePageBreak="false" ImagePageBreak="PageBreakBefore" CustomImageAlignment="false" SpaceUnit="CssPixel" CustomLayout="false" CustomLayoutType="AlignmentAndSpacing">
						<Properties>
							<AltMetadataProperty NamespacePrefix="$ID/" PropertyPath="$ID/" />
							<ActualMetadataProperty NamespacePrefix="$ID/" PropertyPath="$ID/" />
						</Properties>
					</ObjectExportOption>
				</Rectangle>
				<Rectangle Self="uf5" ContentType="Unassigned" StoryTitle="$ID/" ParentInterfaceChangeCount="" TargetInterfaceChangeCount="" LastUpdatedInterfaceChangeCount="" OverriddenPageItemProps="" HorizontalLayoutConstraints="FlexibleDimension FixedDimension FlexibleDimension" VerticalLayoutConstraints="FlexibleDimension FixedDimension FlexibleDimension" FillColor="Color/Warm Gray 11 U" StrokeWeight="0" StrokeColor="Swatch/None" GradientFillStart="0 0" GradientFillLength="0" GradientFillAngle="0" GradientStrokeStart="0 0" GradientStrokeLength="0" GradientStrokeAngle="0" LocalDisplaySetting="Default" GradientFillHiliteLength="0" GradientFillHiliteAngle="0" GradientStrokeHiliteLength="0" GradientStrokeHiliteAngle="0" AppliedObjectStyle="ObjectStyle/$ID/[Normal Graphics Frame]" Visible="true" Name="$ID/" ItemTransform="-1 0 0 1 451.29999999999995 0.5000000000000568">
					<Properties>
						<PathGeometry>
							<GeometryPathType PathOpen="false">
								<PathPointArray>
									<PathPointType Anchor="334.6090779223675 339.1473441665412" LeftDirection="334.6090779223675 339.1473441665412" RightDirection="334.6090779223675 339.1473441665412" />
									<PathPointType Anchor="334.6090779223675 394.8035048819283" LeftDirection="334.6090779223675 394.8035048819283" RightDirection="334.6090779223675 394.8035048819283" />
									<PathPointType Anchor="375.9605107768465 394.8035048819283" LeftDirection="375.9605107768465 394.8035048819283" RightDirection="375.9605107768465 394.8035048819283" />
									<PathPointType Anchor="375.9605107768465 339.1473441665412" LeftDirection="375.9605107768465 339.1473441665412" RightDirection="375.9605107768465 339.1473441665412" />
								</PathPointArray>
							</GeometryPathType>
						</PathGeometry>
					</Properties>
					<TextWrapPreference Inverse="false" ApplyToMasterPageOnly="false" TextWrapSide="BothSides" TextWrapMode="None">
						<Properties>
							<TextWrapOffset Top="0" Left="0" Bottom="0" Right="0" />
						</Properties>
					</TextWrapPreference>
					<InCopyExportOption IncludeGraphicProxies="true" IncludeAllResources="false" />
					<FrameFittingOption AutoFit="false" LeftCrop="0" TopCrop="0" RightCrop="0" BottomCrop="0" FittingOnEmptyFrame="None" FittingAlignment="CenterAnchor" />
					<ObjectExportOption AltTextSourceType="SourceXMLStructure" ActualTextSourceType="SourceXMLStructure" CustomAltText="$ID/" CustomActualText="$ID/" ApplyTagType="TagFromStructure" CustomImageConversion="false" ImageConversionType="JPEG" CustomImageSizeOption="SizeRelativeToPageWidth" ImageExportResolution="Ppi300" GIFOptionsPalette="AdaptivePalette" GIFOptionsInterlaced="true" JPEGOptionsQuality="High" JPEGOptionsFormat="BaselineEncoding" ImageAlignment="AlignLeft" ImageSpaceBefore="0" ImageSpaceAfter="0" UseImagePageBreak="false" ImagePageBreak="PageBreakBefore" CustomImageAlignment="false" SpaceUnit="CssPixel" CustomLayout="false" CustomLayoutType="AlignmentAndSpacing">
						<Properties>
							<AltMetadataProperty NamespacePrefix="$ID/" PropertyPath="$ID/" />
							<ActualMetadataProperty NamespacePrefix="$ID/" PropertyPath="$ID/" />
						</Properties>
					</ObjectExportOption>
				</Rectangle>
			</Group>
			<Rectangle Self="uf6" ContentType="Unassigned" StoryTitle="$ID/" ParentInterfaceChangeCount="" TargetInterfaceChangeCount="" LastUpdatedInterfaceChangeCount="" OverriddenPageItemProps="" HorizontalLayoutConstraints="FlexibleDimension FixedDimension FlexibleDimension" VerticalLayoutConstraints="FlexibleDimension FixedDimension FlexibleDimension" FillColor="Color/Dark Green 5743" StrokeWeight="0" StrokeColor="Swatch/None" GradientFillStart="0 0" GradientFillLength="0" GradientFillAngle="0" GradientStrokeStart="0 0" GradientStrokeLength="0" GradientStrokeAngle="0" LocalDisplaySetting="Default" GradientFillHiliteLength="0" GradientFillHiliteAngle="0" GradientStrokeHiliteLength="0" GradientStrokeHiliteAngle="0" AppliedObjectStyle="ObjectStyle/$ID/[Normal Graphics Frame]" Visible="true" Name="$ID/" ItemTransform="-1 0 0 1 919.4199999999987 -735.1473441665412">
				<Properties>
					<PathGeometry>
						<GeometryPathType PathOpen="false">
							<PathPointArray>
								<PathPointType Anchor="307.4199999999986 339.1473441665412" LeftDirection="307.4199999999986 339.1473441665412" RightDirection="307.4199999999986 339.1473441665412" />
								<PathPointType Anchor="307.4199999999986 394.8035048819284" LeftDirection="307.4199999999986 394.8035048819284" RightDirection="307.4199999999986 394.8035048819284" />
								<PathPointType Anchor="321.4146105072448 394.8035048819284" LeftDirection="321.4146105072448 394.8035048819284" RightDirection="321.4146105072448 394.8035048819284" />
								<PathPointType Anchor="321.4146105072448 339.1473441665412" LeftDirection="321.4146105072448 339.1473441665412" RightDirection="321.4146105072448 339.1473441665412" />
							</PathPointArray>
						</GeometryPathType>
					</PathGeometry>
				</Properties>
				<TextWrapPreference Inverse="false" ApplyToMasterPageOnly="false" TextWrapSide="BothSides" TextWrapMode="None">
					<Properties>
						<TextWrapOffset Top="0" Left="0" Bottom="0" Right="0" />
					</Properties>
				</TextWrapPreference>
				<InCopyExportOption IncludeGraphicProxies="true" IncludeAllResources="false" />
				<FrameFittingOption AutoFit="false" LeftCrop="0" TopCrop="0" RightCrop="0" BottomCrop="0" FittingOnEmptyFrame="None" FittingAlignment="CenterAnchor" />
				<ObjectExportOption AltTextSourceType="SourceXMLStructure" ActualTextSourceType="SourceXMLStructure" CustomAltText="$ID/" CustomActualText="$ID/" ApplyTagType="TagFromStructure" CustomImageConversion="false" ImageConversionType="JPEG" CustomImageSizeOption="SizeRelativeToPageWidth" ImageExportResolution="Ppi300" GIFOptionsPalette="AdaptivePalette" GIFOptionsInterlaced="true" JPEGOptionsQuality="High" JPEGOptionsFormat="BaselineEncoding" ImageAlignment="AlignLeft" ImageSpaceBefore="0" ImageSpaceAfter="0" UseImagePageBreak="false" ImagePageBreak="PageBreakBefore" CustomImageAlignment="false" SpaceUnit="CssPixel" CustomLayout="false" CustomLayoutType="AlignmentAndSpacing">
					<Properties>
						<AltMetadataProperty NamespacePrefix="$ID/" PropertyPath="$ID/" />
						<ActualMetadataProperty NamespacePrefix="$ID/" PropertyPath="$ID/" />
					</Properties>
				</ObjectExportOption>
			</Rectangle>
		</Group>
		<Rectangle Self="uf7" ContentType="Unassigned" StoryTitle="$ID/" ParentInterfaceChangeCount="" TargetInterfaceChangeCount="" LastUpdatedInterfaceChangeCount="" OverriddenPageItemProps="" HorizontalLayoutConstraints="FlexibleDimension FixedDimension FlexibleDimension" VerticalLayoutConstraints="FlexibleDimension FixedDimension FlexibleDimension" FillColor="Color/Yellow/Orange 138" StrokeWeight="0" StrokeColor="Swatch/None" GradientFillStart="0 0" GradientFillLength="0" GradientFillAngle="0" GradientStrokeStart="0 0" GradientStrokeLength="0" GradientStrokeAngle="0" ItemLayer="uaf" Locked="false" LocalDisplaySetting="Default" GradientFillHiliteLength="0" GradientFillHiliteAngle="0" GradientStrokeHiliteLength="0" GradientStrokeHiliteAngle="0" AppliedObjectStyle="ObjectStyle/$ID/[Normal Graphics Frame]" Visible="true" Name="$ID/" ItemTransform="1 0 0 1 288.0267915042235 -1030.3276096082084">
			<Properties>
				<PathGeometry>
					<GeometryPathType PathOpen="false">
						<PathPointArray>
							<PathPointType Anchor="-261.0267915042235 1401.0215901977317" LeftDirection="-261.0267915042235 1401.0215901977317" RightDirection="-261.0267915042235 1401.0215901977317" />
							<PathPointType Anchor="-261.0267915042235 1417.3276096082084" LeftDirection="-261.0267915042235 1417.3276096082084" RightDirection="-261.0267915042235 1417.3276096082084" />
							<PathPointType Anchor="256.2932084957765 1417.3276096082084" LeftDirection="256.2932084957765 1417.3276096082084" RightDirection="256.2932084957765 1417.3276096082084" />
							<PathPointType Anchor="256.2932084957765 1401.0215901977317" LeftDirection="256.2932084957765 1401.0215901977317" RightDirection="256.2932084957765 1401.0215901977317" />
						</PathPointArray>
					</GeometryPathType>
				</PathGeometry>
			</Properties>
			<TextWrapPreference Inverse="false" ApplyToMasterPageOnly="false" TextWrapSide="BothSides" TextWrapMode="None">
				<Properties>
					<TextWrapOffset Top="0" Left="0" Bottom="0" Right="0" />
				</Properties>
			</TextWrapPreference>
			<InCopyExportOption IncludeGraphicProxies="true" IncludeAllResources="false" />
			<FrameFittingOption AutoFit="false" LeftCrop="0" TopCrop="0" RightCrop="0" BottomCrop="0" FittingOnEmptyFrame="None" FittingAlignment="CenterAnchor" />
			<ObjectExportOption AltTextSourceType="SourceXMLStructure" ActualTextSourceType="SourceXMLStructure" CustomAltText="$ID/" CustomActualText="$ID/" ApplyTagType="TagFromStructure" CustomImageConversion="false" ImageConversionType="JPEG" CustomImageSizeOption="SizeRelativeToPageWidth" ImageExportResolution="Ppi300" GIFOptionsPalette="AdaptivePalette" GIFOptionsInterlaced="true" JPEGOptionsQuality="High" JPEGOptionsFormat="BaselineEncoding" ImageAlignment="AlignLeft" ImageSpaceBefore="0" ImageSpaceAfter="0" UseImagePageBreak="false" ImagePageBreak="PageBreakBefore" CustomImageAlignment="false" SpaceUnit="CssPixel" CustomLayout="false" CustomLayoutType="AlignmentAndSpacing">
				<Properties>
					<AltMetadataProperty NamespacePrefix="$ID/" PropertyPath="$ID/" />
					<ActualMetadataProperty NamespacePrefix="$ID/" PropertyPath="$ID/" />
				</Properties>
			</ObjectExportOption>
		</Rectangle>
		<Group Self="uf8" ParentInterfaceChangeCount="" TargetInterfaceChangeCount="" LastUpdatedInterfaceChangeCount="" OverriddenPageItemProps="" HorizontalLayoutConstraints="FlexibleDimension FixedDimension FlexibleDimension" VerticalLayoutConstraints="FlexibleDimension FixedDimension FlexibleDimension" GradientFillStart="0 0" GradientFillLength="0" GradientFillAngle="0" GradientStrokeStart="0 0" GradientStrokeLength="0" GradientStrokeAngle="0" ItemLayer="uaf" Locked="false" LocalDisplaySetting="Default" GradientFillHiliteLength="0" GradientFillHiliteAngle="0" GradientStrokeHiliteLength="0" GradientStrokeHiliteAngle="0" AppliedObjectStyle="ObjectStyle/$ID/[None]" Visible="true" Name="$ID/" ItemTransform="1 0 0 1 271.1067915042249 -35.6473441665413">
			<TextWrapPreference Inverse="false" ApplyToMasterPageOnly="false" TextWrapSide="BothSides" TextWrapMode="None">
				<Properties>
					<TextWrapOffset Top="0" Left="0" Bottom="0" Right="0" />
				</Properties>
			</TextWrapPreference>
			<ObjectExportOption AltTextSourceType="SourceXMLStructure" ActualTextSourceType="SourceXMLStructure" CustomAltText="$ID/" CustomActualText="$ID/" ApplyTagType="TagFromStructure" CustomImageConversion="false" ImageConversionType="JPEG" CustomImageSizeOption="SizeRelativeToPageWidth" ImageExportResolution="Ppi300" GIFOptionsPalette="AdaptivePalette" GIFOptionsInterlaced="true" JPEGOptionsQuality="High" JPEGOptionsFormat="BaselineEncoding" ImageAlignment="AlignLeft" ImageSpaceBefore="0" ImageSpaceAfter="0" UseImagePageBreak="false" ImagePageBreak="PageBreakBefore" CustomImageAlignment="false" SpaceUnit="CssPixel" CustomLayout="false" CustomLayoutType="AlignmentAndSpacing">
				<Properties>
					<AltMetadataProperty NamespacePrefix="$ID/" PropertyPath="$ID/" />
					<ActualMetadataProperty NamespacePrefix="$ID/" PropertyPath="$ID/" />
				</Properties>
			</ObjectExportOption>
			<Rectangle Self="uf9" ContentType="Unassigned" StoryTitle="$ID/" ParentInterfaceChangeCount="" TargetInterfaceChangeCount="" LastUpdatedInterfaceChangeCount="" OverriddenPageItemProps="" HorizontalLayoutConstraints="FlexibleDimension FixedDimension FlexibleDimension" VerticalLayoutConstraints="FlexibleDimension FixedDimension FlexibleDimension" FillColor="Color/Violet 7449" StrokeWeight="0" StrokeColor="Swatch/None" GradientFillStart="0 0" GradientFillLength="0" GradientFillAngle="0" GradientStrokeStart="0 0" GradientStrokeLength="0" GradientStrokeAngle="0" LocalDisplaySetting="Default" GradientFillHiliteLength="0" GradientFillHiliteAngle="0" GradientStrokeHiliteLength="0" GradientStrokeHiliteAngle="0" AppliedObjectStyle="ObjectStyle/$ID/[Normal Graphics Frame]" Visible="true" Name="$ID/" ItemTransform="1 0 0 1 1.580000000000041 0.5000000000000568">
				<Properties>
					<PathGeometry>
						<GeometryPathType PathOpen="false">
							<PathPointArray>
								<PathPointType Anchor="246.97950605114818 405.8413247560643" LeftDirection="246.97950605114818 405.8413247560643" RightDirection="246.97950605114818 405.8413247560643" />
								<PathPointType Anchor="246.97950605114818 422.14734416654125" LeftDirection="246.97950605114818 422.14734416654125" RightDirection="246.97950605114818 422.14734416654125" />
								<PathPointType Anchor="306.0132084957748 422.14734416654125" LeftDirection="306.0132084957748 422.14734416654125" RightDirection="306.0132084957748 422.14734416654125" />
								<PathPointType Anchor="306.0132084957748 405.8413247560643" LeftDirection="306.0132084957748 405.8413247560643" RightDirection="306.0132084957748 405.8413247560643" />
							</PathPointArray>
						</GeometryPathType>
					</PathGeometry>
				</Properties>
				<TextWrapPreference Inverse="false" ApplyToMasterPageOnly="false" TextWrapSide="BothSides" TextWrapMode="None">
					<Properties>
						<TextWrapOffset Top="0" Left="0" Bottom="0" Right="0" />
					</Properties>
				</TextWrapPreference>
				<InCopyExportOption IncludeGraphicProxies="true" IncludeAllResources="false" />
				<FrameFittingOption AutoFit="false" LeftCrop="0" TopCrop="0" RightCrop="0" BottomCrop="0" FittingOnEmptyFrame="None" FittingAlignment="CenterAnchor" />
				<ObjectExportOption AltTextSourceType="SourceXMLStructure" ActualTextSourceType="SourceXMLStructure" CustomAltText="$ID/" CustomActualText="$ID/" ApplyTagType="TagFromStructure" CustomImageConversion="false" ImageConversionType="JPEG" CustomImageSizeOption="SizeRelativeToPageWidth" ImageExportResolution="Ppi300" GIFOptionsPalette="AdaptivePalette" GIFOptionsInterlaced="true" JPEGOptionsQuality="High" JPEGOptionsFormat="BaselineEncoding" ImageAlignment="AlignLeft" ImageSpaceBefore="0" ImageSpaceAfter="0" UseImagePageBreak="false" ImagePageBreak="PageBreakBefore" CustomImageAlignment="false" SpaceUnit="CssPixel" CustomLayout="false" CustomLayoutType="AlignmentAndSpacing">
					<Properties>
						<AltMetadataProperty NamespacePrefix="$ID/" PropertyPath="$ID/" />
						<ActualMetadataProperty NamespacePrefix="$ID/" PropertyPath="$ID/" />
					</Properties>
				</ObjectExportOption>
			</Rectangle>
			<Rectangle Self="ufa" ContentType="Unassigned" StoryTitle="$ID/" ParentInterfaceChangeCount="" TargetInterfaceChangeCount="" LastUpdatedInterfaceChangeCount="" OverriddenPageItemProps="" HorizontalLayoutConstraints="FlexibleDimension FixedDimension FlexibleDimension" VerticalLayoutConstraints="FlexibleDimension FixedDimension FlexibleDimension" FillColor="Color/Red 174" StrokeWeight="0" StrokeColor="Swatch/None" GradientFillStart="0 0" GradientFillLength="0" GradientFillAngle="0" GradientStrokeStart="0 0" GradientStrokeLength="0" GradientStrokeAngle="0" LocalDisplaySetting="Default" GradientFillHiliteLength="0" GradientFillHiliteAngle="0" GradientStrokeHiliteLength="0" GradientStrokeHiliteAngle="0" AppliedObjectStyle="ObjectStyle/$ID/[Normal Graphics Frame]" Visible="true" Name="$ID/" ItemTransform="1 0 0 1 -33.69999999999996 0.5000000000000568">
				<Properties>
					<PathGeometry>
						<GeometryPathType PathOpen="false">
							<PathPointArray>
								<PathPointType Anchor="251.48010883880508 405.8413247560643" LeftDirection="251.48010883880508 405.8413247560643" RightDirection="251.48010883880508 405.8413247560643" />
								<PathPointType Anchor="251.48010883880508 422.14734416654125" LeftDirection="251.48010883880508 422.14734416654125" RightDirection="251.48010883880508 422.14734416654125" />
								<PathPointType Anchor="282.25950605114815 422.14734416654125" LeftDirection="282.25950605114815 422.14734416654125" RightDirection="282.25950605114815 422.14734416654125" />
								<PathPointType Anchor="282.25950605114815 405.8413247560643" LeftDirection="282.25950605114815 405.8413247560643" RightDirection="282.25950605114815 405.8413247560643" />
							</PathPointArray>
						</GeometryPathType>
					</PathGeometry>
				</Properties>
				<TextWrapPreference Inverse="false" ApplyToMasterPageOnly="false" TextWrapSide="BothSides" TextWrapMode="None">
					<Properties>
						<TextWrapOffset Top="0" Left="0" Bottom="0" Right="0" />
					</Properties>
				</TextWrapPreference>
				<InCopyExportOption IncludeGraphicProxies="true" IncludeAllResources="false" />
				<FrameFittingOption AutoFit="false" LeftCrop="0" TopCrop="0" RightCrop="0" BottomCrop="0" FittingOnEmptyFrame="None" FittingAlignment="CenterAnchor" />
				<ObjectExportOption AltTextSourceType="SourceXMLStructure" ActualTextSourceType="SourceXMLStructure" CustomAltText="$ID/" CustomActualText="$ID/" ApplyTagType="TagFromStructure" CustomImageConversion="false" ImageConversionType="JPEG" CustomImageSizeOption="SizeRelativeToPageWidth" ImageExportResolution="Ppi300" GIFOptionsPalette="AdaptivePalette" GIFOptionsInterlaced="true" JPEGOptionsQuality="High" JPEGOptionsFormat="BaselineEncoding" ImageAlignment="AlignLeft" ImageSpaceBefore="0" ImageSpaceAfter="0" UseImagePageBreak="false" ImagePageBreak="PageBreakBefore" CustomImageAlignment="false" SpaceUnit="CssPixel" CustomLayout="false" CustomLayoutType="AlignmentAndSpacing">
					<Properties>
						<AltMetadataProperty NamespacePrefix="$ID/" PropertyPath="$ID/" />
						<ActualMetadataProperty NamespacePrefix="$ID/" PropertyPath="$ID/" />
					</Properties>
				</ObjectExportOption>
			</Rectangle>
			<Rectangle Self="ufb" ContentType="Unassigned" StoryTitle="$ID/" ParentInterfaceChangeCount="" TargetInterfaceChangeCount="" LastUpdatedInterfaceChangeCount="" OverriddenPageItemProps="" HorizontalLayoutConstraints="FlexibleDimension FixedDimension FlexibleDimension" VerticalLayoutConstraints="FlexibleDimension FixedDimension FlexibleDimension" FillColor="Color/Blue 633" StrokeWeight="0" StrokeColor="Swatch/None" GradientFillStart="0 0" GradientFillLength="0" GradientFillAngle="0" GradientStrokeStart="0 0" GradientStrokeLength="0" GradientStrokeAngle="0" LocalDisplaySetting="Default" GradientFillHiliteLength="0" GradientFillHiliteAngle="0" GradientStrokeHiliteLength="0" GradientStrokeHiliteAngle="0" AppliedObjectStyle="ObjectStyle/$ID/[Normal Graphics Frame]" Visible="true" Name="$ID/" ItemTransform="1 0 0 1 -45.219999999999914 0.5000000000000568">
				<Properties>
					<PathGeometry>
						<GeometryPathType PathOpen="false">
							<PathPointArray>
								<PathPointType Anchor="123.64759155272215 405.8413247560643" LeftDirection="123.64759155272215 405.8413247560643" RightDirection="123.64759155272215 405.8413247560643" />
								<PathPointType Anchor="123.64759155272215 422.14734416654125" LeftDirection="123.64759155272215 422.14734416654125" RightDirection="123.64759155272215 422.14734416654125" />
								<PathPointType Anchor="264.82088230673526 422.14734416654125" LeftDirection="264.82088230673526 422.14734416654125" RightDirection="264.82088230673526 422.14734416654125" />
								<PathPointType Anchor="264.82088230673526 405.8413247560643" LeftDirection="264.82088230673526 405.8413247560643" RightDirection="264.82088230673526 405.8413247560643" />
							</PathPointArray>
						</GeometryPathType>
					</PathGeometry>
				</Properties>
				<TextWrapPreference Inverse="false" ApplyToMasterPageOnly="false" TextWrapSide="BothSides" TextWrapMode="None">
					<Properties>
						<TextWrapOffset Top="0" Left="0" Bottom="0" Right="0" />
					</Properties>
				</TextWrapPreference>
				<InCopyExportOption IncludeGraphicProxies="true" IncludeAllResources="false" />
				<FrameFittingOption AutoFit="false" LeftCrop="0" TopCrop="0" RightCrop="0" BottomCrop="0" FittingOnEmptyFrame="None" FittingAlignment="CenterAnchor" />
				<ObjectExportOption AltTextSourceType="SourceXMLStructure" ActualTextSourceType="SourceXMLStructure" CustomAltText="$ID/" CustomActualText="$ID/" ApplyTagType="TagFromStructure" CustomImageConversion="false" ImageConversionType="JPEG" CustomImageSizeOption="SizeRelativeToPageWidth" ImageExportResolution="Ppi300" GIFOptionsPalette="AdaptivePalette" GIFOptionsInterlaced="true" JPEGOptionsQuality="High" JPEGOptionsFormat="BaselineEncoding" ImageAlignment="AlignLeft" ImageSpaceBefore="0" ImageSpaceAfter="0" UseImagePageBreak="false" ImagePageBreak="PageBreakBefore" CustomImageAlignment="false" SpaceUnit="CssPixel" CustomLayout="false" CustomLayoutType="AlignmentAndSpacing">
					<Properties>
						<AltMetadataProperty NamespacePrefix="$ID/" PropertyPath="$ID/" />
						<ActualMetadataProperty NamespacePrefix="$ID/" PropertyPath="$ID/" />
					</Properties>
				</ObjectExportOption>
			</Rectangle>
			<Rectangle Self="ufc" ContentType="Unassigned" StoryTitle="$ID/" ParentInterfaceChangeCount="" TargetInterfaceChangeCount="" LastUpdatedInterfaceChangeCount="" OverriddenPageItemProps="" HorizontalLayoutConstraints="FlexibleDimension FixedDimension FlexibleDimension" VerticalLayoutConstraints="FlexibleDimension FixedDimension FlexibleDimension" FillColor="Color/Warm Gray 11 U" StrokeWeight="0" StrokeColor="Swatch/None" GradientFillStart="0 0" GradientFillLength="0" GradientFillAngle="0" GradientStrokeStart="0 0" GradientStrokeLength="0" GradientStrokeAngle="0" LocalDisplaySetting="Default" GradientFillHiliteLength="0" GradientFillHiliteAngle="0" GradientStrokeHiliteLength="0" GradientStrokeHiliteAngle="0" AppliedObjectStyle="ObjectStyle/$ID/[Normal Graphics Frame]" Visible="true" Name="$ID/" ItemTransform="-1 0 0 1 451.29999999999995 0.5000000000000568">
				<Properties>
					<PathGeometry>
						<GeometryPathType PathOpen="false">
							<PathPointArray>
								<PathPointType Anchor="372.8724084472778 405.8413247560643" LeftDirection="372.8724084472778 405.8413247560643" RightDirection="372.8724084472778 405.8413247560643" />
								<PathPointType Anchor="372.8724084472778 422.14734416654125" LeftDirection="372.8724084472778 422.14734416654125" RightDirection="372.8724084472778 422.14734416654125" />
								<PathPointType Anchor="423.5500000000005 422.14734416654125" LeftDirection="423.5500000000005 422.14734416654125" RightDirection="423.5500000000005 422.14734416654125" />
								<PathPointType Anchor="423.5500000000005 405.8413247560643" LeftDirection="423.5500000000005 405.8413247560643" RightDirection="423.5500000000005 405.8413247560643" />
							</PathPointArray>
						</GeometryPathType>
					</PathGeometry>
				</Properties>
				<TextWrapPreference Inverse="false" ApplyToMasterPageOnly="false" TextWrapSide="BothSides" TextWrapMode="None">
					<Properties>
						<TextWrapOffset Top="0" Left="0" Bottom="0" Right="0" />
					</Properties>
				</TextWrapPreference>
				<InCopyExportOption IncludeGraphicProxies="true" IncludeAllResources="false" />
				<FrameFittingOption AutoFit="false" LeftCrop="0" TopCrop="0" RightCrop="0" BottomCrop="0" FittingOnEmptyFrame="None" FittingAlignment="CenterAnchor" />
				<ObjectExportOption AltTextSourceType="SourceXMLStructure" ActualTextSourceType="SourceXMLStructure" CustomAltText="$ID/" CustomActualText="$ID/" ApplyTagType="TagFromStructure" CustomImageConversion="false" ImageConversionType="JPEG" CustomImageSizeOption="SizeRelativeToPageWidth" ImageExportResolution="Ppi300" GIFOptionsPalette="AdaptivePalette" GIFOptionsInterlaced="true" JPEGOptionsQuality="High" JPEGOptionsFormat="BaselineEncoding" ImageAlignment="AlignLeft" ImageSpaceBefore="0" ImageSpaceAfter="0" UseImagePageBreak="false" ImagePageBreak="PageBreakBefore" CustomImageAlignment="false" SpaceUnit="CssPixel" CustomLayout="false" CustomLayoutType="AlignmentAndSpacing">
					<Properties>
						<AltMetadataProperty NamespacePrefix="$ID/" PropertyPath="$ID/" />
						<ActualMetadataProperty NamespacePrefix="$ID/" PropertyPath="$ID/" />
					</Properties>
				</ObjectExportOption>
			</Rectangle>
		</Group>
		<Rectangle Self="ufd" ContentType="Unassigned" StoryTitle="$ID/" ParentInterfaceChangeCount="" TargetInterfaceChangeCount="" LastUpdatedInterfaceChangeCount="" OverriddenPageItemProps="" HorizontalLayoutConstraints="FlexibleDimension FixedDimension FlexibleDimension" VerticalLayoutConstraints="FlexibleDimension FixedDimension FlexibleDimension" FillColor="Color/Dark Green 5743" StrokeWeight="0" StrokeColor="Swatch/None" GradientFillStart="0 0" GradientFillLength="0" GradientFillAngle="0" GradientStrokeStart="0 0" GradientStrokeLength="0" GradientStrokeAngle="0" ItemLayer="uaf" Locked="false" LocalDisplaySetting="Default" GradientFillHiliteLength="0" GradientFillHiliteAngle="0" GradientStrokeHiliteLength="0" GradientStrokeHiliteAngle="0" AppliedObjectStyle="ObjectStyle/$ID/[Normal Graphics Frame]" Visible="true" Name="$ID/" ItemTransform="-1 0 0 1 893.3699999999984 -33.147344166541245">
			<Properties>
				<PathGeometry>
					<GeometryPathType PathOpen="false">
						<PathPointArray>
							<PathPointType Anchor="307.4199999999987 403.8413247560643" LeftDirection="307.4199999999987 403.8413247560643" RightDirection="307.4199999999987 403.8413247560643" />
							<PathPointType Anchor="307.4199999999987 420.1473441665412" LeftDirection="307.4199999999987 420.1473441665412" RightDirection="307.4199999999987 420.1473441665412" />
							<PathPointType Anchor="322.68999999999835 420.1473441665412" LeftDirection="322.68999999999835 420.1473441665412" RightDirection="322.68999999999835 420.1473441665412" />
							<PathPointType Anchor="322.68999999999835 403.8413247560643" LeftDirection="322.68999999999835 403.8413247560643" RightDirection="322.68999999999835 403.8413247560643" />
						</PathPointArray>
					</GeometryPathType>
				</PathGeometry>
			</Properties>
			<TextWrapPreference Inverse="false" ApplyToMasterPageOnly="false" TextWrapSide="BothSides" TextWrapMode="None">
				<Properties>
					<TextWrapOffset Top="0" Left="0" Bottom="0" Right="0" />
				</Properties>
			</TextWrapPreference>
			<InCopyExportOption IncludeGraphicProxies="true" IncludeAllResources="false" />
			<FrameFittingOption AutoFit="false" LeftCrop="0" TopCrop="0" RightCrop="0" BottomCrop="0" FittingOnEmptyFrame="None" FittingAlignment="CenterAnchor" />
			<ObjectExportOption AltTextSourceType="SourceXMLStructure" ActualTextSourceType="SourceXMLStructure" CustomAltText="$ID/" CustomActualText="$ID/" ApplyTagType="TagFromStructure" CustomImageConversion="false" ImageConversionType="JPEG" CustomImageSizeOption="SizeRelativeToPageWidth" ImageExportResolution="Ppi300" GIFOptionsPalette="AdaptivePalette" GIFOptionsInterlaced="true" JPEGOptionsQuality="High" JPEGOptionsFormat="BaselineEncoding" ImageAlignment="AlignLeft" ImageSpaceBefore="0" ImageSpaceAfter="0" UseImagePageBreak="false" ImagePageBreak="PageBreakBefore" CustomImageAlignment="false" SpaceUnit="CssPixel" CustomLayout="false" CustomLayoutType="AlignmentAndSpacing">
				<Properties>
					<AltMetadataProperty NamespacePrefix="$ID/" PropertyPath="$ID/" />
					<ActualMetadataProperty NamespacePrefix="$ID/" PropertyPath="$ID/" />
				</Properties>
			</ObjectExportOption>
		</Rectangle>
		<TextFrame Self="u12d" ParentStory="u11b" PreviousTextFrame="n" NextTextFrame="n" ContentType="TextType" ParentInterfaceChangeCount="" TargetInterfaceChangeCount="" LastUpdatedInterfaceChangeCount="" OverriddenPageItemProps="" HorizontalLayoutConstraints="FlexibleDimension FixedDimension FlexibleDimension" VerticalLayoutConstraints="FlexibleDimension FixedDimension FlexibleDimension" StrokeWeight="1" StrokeColor="Color/Black" GradientFillStart="0 0" GradientFillLength="0" GradientFillAngle="0" GradientStrokeStart="0 0" GradientStrokeLength="0" GradientStrokeAngle="0" ItemLayer="uaf" Locked="false" LocalDisplaySetting="Default" GradientFillHiliteLength="0" GradientFillHiliteAngle="0" GradientStrokeHiliteLength="0" GradientStrokeHiliteAngle="0" AppliedObjectStyle="ObjectStyle/$ID/[Normal Text Frame]" Visible="true" Name="$ID/" ItemTransform="1 0 0 1 149.54000000000008 260.71747573690413">
			<Properties>
				<PathGeometry>
					<GeometryPathType PathOpen="false">
						<PathPointArray>
							<PathPointType Anchor="-122.04000000000009 42.720000000000034" LeftDirection="-122.04000000000009 42.720000000000034" RightDirection="-122.04000000000009 42.720000000000034" />
							<PathPointType Anchor="-122.04000000000009 109.47650485261921" LeftDirection="-122.04000000000009 109.47650485261921" RightDirection="-122.04000000000009 109.47650485261921" />
							<PathPointType Anchor="107.71999999999989 109.47650485261921" LeftDirection="107.71999999999989 109.47650485261921" RightDirection="107.71999999999989 109.47650485261921" />
							<PathPointType Anchor="107.71999999999989 42.720000000000034" LeftDirection="107.71999999999989 42.720000000000034" RightDirection="107.71999999999989 42.720000000000034" />
						</PathPointArray>
					</GeometryPathType>
				</PathGeometry>
			</Properties>
			<TextFramePreference TextColumnFixedWidth="228.76" TextColumnMaxWidth="0" />
			<TextWrapPreference Inverse="false" ApplyToMasterPageOnly="false" TextWrapSide="BothSides" TextWrapMode="None">
				<Properties>
					<TextWrapOffset Top="0" Left="0" Bottom="0" Right="0" />
				</Properties>
			</TextWrapPreference>
			<ObjectExportOption AltTextSourceType="SourceXMLStructure" ActualTextSourceType="SourceXMLStructure" CustomAltText="$ID/" CustomActualText="$ID/" ApplyTagType="TagFromStructure" CustomImageConversion="false" ImageConversionType="JPEG" CustomImageSizeOption="SizeRelativeToPageWidth" ImageExportResolution="Ppi300" GIFOptionsPalette="AdaptivePalette" GIFOptionsInterlaced="true" JPEGOptionsQuality="High" JPEGOptionsFormat="BaselineEncoding" ImageAlignment="AlignLeft" ImageSpaceBefore="0" ImageSpaceAfter="0" UseImagePageBreak="false" ImagePageBreak="PageBreakBefore" CustomImageAlignment="false" SpaceUnit="CssPixel" CustomLayout="false" CustomLayoutType="AlignmentAndSpacing">
				<Properties>
					<AltMetadataProperty NamespacePrefix="$ID/" PropertyPath="$ID/" />
					<ActualMetadataProperty NamespacePrefix="$ID/" PropertyPath="$ID/" />
				</Properties>
			</ObjectExportOption>
		</TextFrame>
		<TextFrame Self="u159" ParentStory="u147" PreviousTextFrame="n" NextTextFrame="n" ContentType="TextType" ParentInterfaceChangeCount="" TargetInterfaceChangeCount="" LastUpdatedInterfaceChangeCount="" OverriddenPageItemProps="" HorizontalLayoutConstraints="FlexibleDimension FixedDimension FlexibleDimension" VerticalLayoutConstraints="FlexibleDimension FixedDimension FlexibleDimension" GradientFillStart="0 0" GradientFillLength="0" GradientFillAngle="0" GradientStrokeStart="0 0" GradientStrokeLength="0" GradientStrokeAngle="0" ItemLayer="uaf" Locked="false" LocalDisplaySetting="Default" GradientFillHiliteLength="0" GradientFillHiliteAngle="0" GradientStrokeHiliteLength="0" GradientStrokeHiliteAngle="0" AppliedObjectStyle="ObjectStyle/$ID/[Normal Text Frame]" Visible="true" Name="$ID/" ItemTransform="1 0 0 1 330.12 175.40000000000032">
			<Properties>
				<PathGeometry>
					<GeometryPathType PathOpen="false">
						<PathPointArray>
							<PathPointType Anchor="-72.36000000000001 -128.8800000000003" LeftDirection="-72.36000000000001 -128.8800000000003" RightDirection="-72.36000000000001 -128.8800000000003" />
							<PathPointType Anchor="-72.36000000000001 118.03999999999971" LeftDirection="-72.36000000000001 118.03999999999971" RightDirection="-72.36000000000001 118.03999999999971" />
							<PathPointType Anchor="252.05179212356066 118.03999999999971" LeftDirection="252.05179212356066 118.03999999999971" RightDirection="252.05179212356066 118.03999999999971" />
							<PathPointType Anchor="252.05179212356066 -128.8800000000003" LeftDirection="252.05179212356066 -128.8800000000003" RightDirection="252.05179212356066 -128.8800000000003" />
						</PathPointArray>
					</GeometryPathType>
				</PathGeometry>
			</Properties>
			<TextFramePreference TextColumnFixedWidth="324.41179212356064" TextColumnMaxWidth="0" />
			<TextWrapPreference Inverse="false" ApplyToMasterPageOnly="false" TextWrapSide="BothSides" TextWrapMode="None">
				<Properties>
					<TextWrapOffset Top="0" Left="0" Bottom="0" Right="0" />
				</Properties>
			</TextWrapPreference>
			<ObjectExportOption AltTextSourceType="SourceXMLStructure" ActualTextSourceType="SourceXMLStructure" CustomAltText="$ID/" CustomActualText="$ID/" ApplyTagType="TagFromStructure" CustomImageConversion="false" ImageConversionType="JPEG" CustomImageSizeOption="SizeRelativeToPageWidth" ImageExportResolution="Ppi300" GIFOptionsPalette="AdaptivePalette" GIFOptionsInterlaced="true" JPEGOptionsQuality="High" JPEGOptionsFormat="BaselineEncoding" ImageAlignment="AlignLeft" ImageSpaceBefore="0" ImageSpaceAfter="0" UseImagePageBreak="false" ImagePageBreak="PageBreakBefore" CustomImageAlignment="false" SpaceUnit="CssPixel" CustomLayout="false" CustomLayoutType="AlignmentAndSpacing">
				<Properties>
					<AltMetadataProperty NamespacePrefix="$ID/" PropertyPath="$ID/" />
					<ActualMetadataProperty NamespacePrefix="$ID/" PropertyPath="$ID/" />
				</Properties>
			</ObjectExportOption>
		</TextFrame>
		<TextFrame Self="u1cd" ParentStory="u1bb" PreviousTextFrame="n" NextTextFrame="n" ContentType="TextType" ParentInterfaceChangeCount="" TargetInterfaceChangeCount="" LastUpdatedInterfaceChangeCount="" OverriddenPageItemProps="" HorizontalLayoutConstraints="FlexibleDimension FixedDimension FlexibleDimension" VerticalLayoutConstraints="FlexibleDimension FixedDimension FlexibleDimension" GradientFillStart="0 0" GradientFillLength="0" GradientFillAngle="0" GradientStrokeStart="0 0" GradientStrokeLength="0" GradientStrokeAngle="0" ItemLayer="uaf" Locked="false" LocalDisplaySetting="Default" GradientFillHiliteLength="0" GradientFillHiliteAngle="0" GradientStrokeHiliteLength="0" GradientStrokeHiliteAngle="0" AppliedObjectStyle="ObjectStyle/$ID/[Normal Text Frame]" Visible="true" Name="$ID/" ItemTransform="1 0 0 1 628.5199999999999 -346.9900000089786">
			<Properties>
				<PathGeometry>
					<GeometryPathType PathOpen="false">
						<PathPointArray>
							<PathPointType Anchor="-185.39999999999998 -25.106071427916177" LeftDirection="-185.39999999999998 -25.106071427916177" RightDirection="-185.39999999999998 -25.106071427916177" />
							<PathPointType Anchor="-185.39999999999998 14.46821428715286" LeftDirection="-185.39999999999998 14.46821428715286" RightDirection="-185.39999999999998 14.46821428715286" />
							<PathPointType Anchor="-49.820000000000164 14.46821428715286" LeftDirection="-49.820000000000164 14.46821428715286" RightDirection="-49.820000000000164 14.46821428715286" />
							<PathPointType Anchor="-49.820000000000164 -25.106071427916177" LeftDirection="-49.820000000000164 -25.106071427916177" RightDirection="-49.820000000000164 -25.106071427916177" />
						</PathPointArray>
					</GeometryPathType>
				</PathGeometry>
			</Properties>
			<TextFramePreference TextColumnFixedWidth="135.5799999999998" TextColumnMaxWidth="0" />
			<TextWrapPreference Inverse="false" ApplyToMasterPageOnly="false" TextWrapSide="BothSides" TextWrapMode="None">
				<Properties>
					<TextWrapOffset Top="0" Left="0" Bottom="0" Right="0" />
				</Properties>
			</TextWrapPreference>
			<ObjectExportOption AltTextSourceType="SourceXMLStructure" ActualTextSourceType="SourceXMLStructure" CustomAltText="$ID/" CustomActualText="$ID/" ApplyTagType="TagFromStructure" CustomImageConversion="false" ImageConversionType="JPEG" CustomImageSizeOption="SizeRelativeToPageWidth" ImageExportResolution="Ppi300" GIFOptionsPalette="AdaptivePalette" GIFOptionsInterlaced="true" JPEGOptionsQuality="High" JPEGOptionsFormat="BaselineEncoding" ImageAlignment="AlignLeft" ImageSpaceBefore="0" ImageSpaceAfter="0" UseImagePageBreak="false" ImagePageBreak="PageBreakBefore" CustomImageAlignment="false" SpaceUnit="CssPixel" CustomLayout="false" CustomLayoutType="AlignmentAndSpacing">
				<Properties>
					<AltMetadataProperty NamespacePrefix="$ID/" PropertyPath="$ID/" />
					<ActualMetadataProperty NamespacePrefix="$ID/" PropertyPath="$ID/" />
				</Properties>
			</ObjectExportOption>
		</TextFrame>
		<Rectangle Self="u226" ContentType="GraphicType" StoryTitle="$ID/" ParentInterfaceChangeCount="" TargetInterfaceChangeCount="" LastUpdatedInterfaceChangeCount="" OverriddenPageItemProps="" HorizontalLayoutConstraints="FlexibleDimension FixedDimension FlexibleDimension" VerticalLayoutConstraints="FlexibleDimension FixedDimension FlexibleDimension" GradientFillStart="0 0" GradientFillLength="0" GradientFillAngle="0" GradientStrokeStart="0 0" GradientStrokeLength="0" GradientStrokeAngle="0" ItemLayer="uaf" Locked="false" LocalDisplaySetting="Default" GradientFillHiliteLength="0" GradientFillHiliteAngle="0" GradientStrokeHiliteLength="0" GradientStrokeHiliteAngle="0" AppliedObjectStyle="ObjectStyle/$ID/[None]" Visible="true" Name="$ID/" ItemTransform="1 0 0 1 696.28 431.20000000000005">
			<Properties>
				<PathGeometry>
					<GeometryPathType PathOpen="false">
						<PathPointArray>
							<PathPointType Anchor="-355.44 -134.76" LeftDirection="-355.44 -134.76" RightDirection="-355.44 -134.76" />
							<PathPointType Anchor="-355.44 -63.54699029476165" LeftDirection="-355.44 -63.54699029476165" RightDirection="-355.44 -63.54699029476165" />
							<PathPointType Anchor="-100.55999876132759 -63.54699029476165" LeftDirection="-100.55999876132759 -63.54699029476165" RightDirection="-100.55999876132759 -63.54699029476165" />
							<PathPointType Anchor="-100.55999876132759 -134.76" LeftDirection="-100.55999876132759 -134.76" RightDirection="-100.55999876132759 -134.76" />
						</PathPointArray>
					</GeometryPathType>
				</PathGeometry>
			</Properties>
			<TextWrapPreference Inverse="false" ApplyToMasterPageOnly="false" TextWrapSide="BothSides" TextWrapMode="None">
				<Properties>
					<TextWrapOffset Top="0" Left="0" Bottom="0" Right="0" />
				</Properties>
				<ContourOption ContourType="SameAsClipping" IncludeInsideEdges="false" ContourPathName="$ID/" />
			</TextWrapPreference>
			<InCopyExportOption IncludeGraphicProxies="true" IncludeAllResources="false" />
			<FrameFittingOption LeftCrop="-267.485413050204" TopCrop="-54.528480158258844" RightCrop="-72.519355037183" BottomCrop="40.854182055311355" FittingOnEmptyFrame="Proportionally" />
			<ObjectExportOption AltTextSourceType="SourceXMLStructure" ActualTextSourceType="SourceXMLStructure" CustomAltText="$ID/" CustomActualText="$ID/" ApplyTagType="TagFromStructure" CustomImageConversion="false" ImageConversionType="JPEG" CustomImageSizeOption="SizeRelativeToPageWidth" ImageExportResolution="Ppi300" GIFOptionsPalette="AdaptivePalette" GIFOptionsInterlaced="true" JPEGOptionsQuality="High" JPEGOptionsFormat="BaselineEncoding" ImageAlignment="AlignLeft" ImageSpaceBefore="0" ImageSpaceAfter="0" UseImagePageBreak="false" ImagePageBreak="PageBreakBefore" CustomImageAlignment="false" SpaceUnit="CssPixel" CustomLayout="false" CustomLayoutType="AlignmentAndSpacing">
				<Properties>
					<AltMetadataProperty NamespacePrefix="$ID/" PropertyPath="$ID/" />
					<ActualMetadataProperty NamespacePrefix="$ID/" PropertyPath="$ID/" />
				</Properties>
			</ObjectExportOption>
			<Image Self="u30e" Space="$ID/#Links_RGB" ActualPpi="72 72" EffectivePpi="379 379" ImageRenderingIntent="UseColorSettings" OverriddenPageItemProps="" LocalDisplaySetting="Default" ImageTypeName="$ID/JPEG" AppliedObjectStyle="ObjectStyle/$ID/[None]" ItemTransform="0.19006643921348315 0 0 0.19006643921348315 -304.59999999999997 -124.39596594059667" ParentInterfaceChangeCount="" TargetInterfaceChangeCount="" LastUpdatedInterfaceChangeCount="" HorizontalLayoutConstraints="FlexibleDimension FixedDimension FlexibleDimension" VerticalLayoutConstraints="FlexibleDimension FixedDimension FlexibleDimension" GradientFillStart="0 0" GradientFillLength="0" GradientFillAngle="0" GradientFillHiliteLength="0" GradientFillHiliteAngle="0" Visible="true" Name="$ID/">
				<Properties>
					<Profile type="string">$ID/None</Profile>
					<GraphicBounds Left="0" Top="0" Right="1001" Bottom="361" />
				</Properties>
				<TextWrapPreference Inverse="false" ApplyToMasterPageOnly="false" TextWrapSide="BothSides" TextWrapMode="None">
					<Properties>
						<TextWrapOffset Top="0" Left="0" Bottom="0" Right="0" />
					</Properties>
					<ContourOption ContourType="SameAsClipping" IncludeInsideEdges="false" ContourPathName="$ID/" />
				</TextWrapPreference>
				<MetadataPacketPreference>
					<Properties>
						<Contents><![CDATA[<?xpacket begin="﻿" id="W5M0MpCehiHzreSzNTczkc9d"?>
<x:xmpmeta xmlns:x="adobe:ns:meta/" x:xmptk="Adobe XMP Core 5.3-c011 66.145661, 2012/02/06-14:56:27        ">
   <rdf:RDF xmlns:rdf="http://www.w3.org/1999/02/22-rdf-syntax-ns#">
      <rdf:Description rdf:about=""
            xmlns:dc="http://purl.org/dc/elements/1.1/">
         <dc:format>image/jpeg</dc:format>
         <dc:title>
            <rdf:Alt>
               <rdf:li xml:lang="x-default">OILOGOS</rdf:li>
            </rdf:Alt>
         </dc:title>
      </rdf:Description>
      <rdf:Description rdf:about=""
            xmlns:xmp="http://ns.adobe.com/xap/1.0/"
            xmlns:xmpGImg="http://ns.adobe.com/xap/1.0/g/img/">
         <xmp:MetadataDate>2014-07-28T13:37:12-04:00</xmp:MetadataDate>
         <xmp:ModifyDate>2014-07-28T17:37:12Z</xmp:ModifyDate>
         <xmp:CreateDate>2014-07-28T13:37:12-04:00</xmp:CreateDate>
         <xmp:CreatorTool>Adobe Illustrator CC (Macintosh)</xmp:CreatorTool>
         <xmp:Thumbnails>
            <rdf:Alt>
               <rdf:li rdf:parseType="Resource">
                  <xmpGImg:width>256</xmpGImg:width>
                  <xmpGImg:height>80</xmpGImg:height>
                  <xmpGImg:format>JPEG</xmpGImg:format>
                  <xmpGImg:image>/9j/4AAQSkZJRgABAgEASABIAAD/7QAsUGhvdG9zaG9wIDMuMAA4QklNA+0AAAAAABAASAAAAAEA&#xA;AQBIAAAAAQAB/+4ADkFkb2JlAGTAAAAAAf/bAIQABgQEBAUEBgUFBgkGBQYJCwgGBggLDAoKCwoK&#xA;DBAMDAwMDAwQDA4PEA8ODBMTFBQTExwbGxscHx8fHx8fHx8fHwEHBwcNDA0YEBAYGhURFRofHx8f&#xA;Hx8fHx8fHx8fHx8fHx8fHx8fHx8fHx8fHx8fHx8fHx8fHx8fHx8fHx8fHx8f/8AAEQgAUAEAAwER&#xA;AAIRAQMRAf/EAaIAAAAHAQEBAQEAAAAAAAAAAAQFAwIGAQAHCAkKCwEAAgIDAQEBAQEAAAAAAAAA&#xA;AQACAwQFBgcICQoLEAACAQMDAgQCBgcDBAIGAnMBAgMRBAAFIRIxQVEGE2EicYEUMpGhBxWxQiPB&#xA;UtHhMxZi8CRygvElQzRTkqKyY3PCNUQnk6OzNhdUZHTD0uIIJoMJChgZhJRFRqS0VtNVKBry4/PE&#xA;1OT0ZXWFlaW1xdXl9WZ2hpamtsbW5vY3R1dnd4eXp7fH1+f3OEhYaHiImKi4yNjo+Ck5SVlpeYmZ&#xA;qbnJ2en5KjpKWmp6ipqqusra6voRAAICAQIDBQUEBQYECAMDbQEAAhEDBCESMUEFURNhIgZxgZEy&#xA;obHwFMHR4SNCFVJicvEzJDRDghaSUyWiY7LCB3PSNeJEgxdUkwgJChgZJjZFGidkdFU38qOzwygp&#xA;0+PzhJSktMTU5PRldYWVpbXF1eX1RlZmdoaWprbG1ub2R1dnd4eXp7fH1+f3OEhYaHiImKi4yNjo&#xA;+DlJWWl5iZmpucnZ6fkqOkpaanqKmqq6ytrq+v/aAAwDAQACEQMRAD8A9U4q7FXlH5hf85CeWvLl&#xA;2dH0OI6/5gLiEW8DfuI5WPEK8oDcmqacErvsSDlM8wGw3LtdJ2TPIOKXogpaV5O/OPzYou/OnmSX&#xA;y1ZuWpoeh8Ipgu4UtdKZStdjSr7daGuARnLmaZT1GmxbYocZ/nS/V/YhvMX/ADjJ5a1KwKW+taoN&#xA;QVWIubycXIkc7oZVKrsD/JTGWnB6ssPbM4neMa8hT5y806b5v8geZJtFk1hkv7VYy02nXUvAB15K&#xA;OQ9N1IB6FR92YkgYmreiwTx54cXDse8Mg8r/APORH5naFIiy6iNXtF+1b6gvqkjv++HGavzc/LJx&#xA;zyDj5uycE+nCfL8U+hfy2/Pjy15wihhuon0bU5ZPQjinNbeaagPpw3FFVnofsNRvAHMnHmEnn9Z2&#xA;ZPDuPVH7fiHpuXOsdiq2VXaN1RuDkEK9K8SRsaHrTFIeI3i/nHbfmLp/k3/lYPP69YSX/wBf/Q9i&#xA;OHpuy+n6W9a8evP6Mxzx8VX9juo/ljhOTwuRquKTI4fPVzoP5lHy95o8x2qabb6BbTG4u/q1kk9/&#xA;6vpyzKTx4mQKW9MOQO2S46lRPRxzphkw8eOJ4uM8rND8dUguvzR1+4h/NS70nWIrmy8vxWL+Xri3&#xA;W2mij9ZHMpV1VllqyftlqZHxD6qPJvjooA4RKNGd8XP8BF/ltr2u6vqekS3P5o2msyTwie68tx2F&#xA;lHKxMJZ4vVib1B6RNSQvbDjJJ+pjrMUIRlWEx/pcRew5e6d2KuxV2KuxV2KuxV2KuxV2KuxV2Kux&#xA;V2KuxV2KuxV2Kvm78/8A87NSZJPLvleRodOZpIL/AFeM0MzJ8MkMDDpGCSrOPtEFRsDXEzZegej7&#xA;K7Nj9eTn0H6Sxv8A5xX8t2+peebrVZ05ro9tziDIGUTTHgp5H7LBQxXvkdPG5W5PbeYxxCI/iL61&#xA;zNeTeA/85E/nRrGgXo8peXJjaXrRLLqWoptJGsgqkUJ/ZYr8TN13FN65jZ8pGwd/2T2dHIPEnuOg&#xA;eCeWvIXnjzjctJpGm3OoepIRNfMCIQ5NW9SeSiV3qfirmNGBlyd9m1WLCPUQPL9j0ryh/wA43WOv&#xA;XEkaecbK5awkMWr29jG0jwyAbKpcpWpqORWmx60OWxwX1dbqO2DjH0EXytmnmj8nNF8seR49NTzF&#xA;6Plp9ShutZk1OR2BMR4elbJbpSNn3DH7RIUVoMsliAHPZwsPaEsuXi4fXw0K/TaZ/lr+efl7UfON&#xA;15PSeR9LMnDyzqd0zmSZQorBK0nxkluXpM/xEUVvi6nHmBNNWs7MnHGMler+ID7/ANb2jMh0zsVY&#xA;LqXlXWp/zj0jzNHCp0e00qaznm5qGEzyMyrwryOzdaZWYnjtzoZ4jTSh/EZWh738vItW/Ne713Wt&#xA;JtNR0JtHitbc3ccNwBdJOXNIpAxHwH7VMBhcrPKmUdXwacQjIiXFe221MZufyp1y3h/NC00nTLe1&#xA;svMUVimgW0DQwxN6COJRwUqsfxP3ArkPDPqrq5I10ScJkSTC+JMfIWm+dtKutItbv8v9L0+K2jjt&#xA;rrW4Lm2NwFWPg0vFE5kvTccu+SgCOjXqp4piRGWRvpRp6vlzqnYq7FXYq7FXYq7FXYq7FXYq7FXY&#xA;q7FXYq7FXYq7FXlH/ORH5kSeUvKQ0/TpfT1rW+cMDqaNFABSaUU3DfEFX3Ne2U58nCHa9k6Pxcln&#xA;6Y/e+btL83+U7nQW0nzPpNxPKiRpa6lYTRxSp6I4xlo5EYNxT4acgtKmnIljiCQqi9JPT5BPixyH&#xA;uP4/Hue0f84t6Zplvda/eaPem/065S3RxMDb3NvJG0hCTQBpI29RXJSRHP2SPhrTMjTgb06Xtuci&#xA;IiQoi/MH3H9D6AzJdA+av+cpvy6vfrsXnewQy2rolvqygVMTr8MU3+qy0Q+BA/mzE1EOr0nYmrFe&#xA;EefRKfyG/Oa18r6FN5bu7M3Lvdm5tpnuba0hRJFRXVpbl4kFGXkBXepwYctCm7tTs45Z8YNbdxP3&#xA;PpddW0u20GTX5lS0szbm+upKxtSMR8yxeJnR/hHVWIPY5l2Kt5rw5GfANzdPNND/AC3t/Ov5baVc&#xA;a568V9K2oajZW/rSRxJ+k7hriNZVShdeJU+1TlIx8Ud3ZZdYcOaQhy9IP+aKfJ+qaffaJq81pLzg&#xA;vLOUqdyrxyRMVIqOjI6kVHcbZhEUXq4TE430L7Y/Jzz5/jXyNZ6nOR+koCbTUwKf38QFXoOnqKVf&#xA;2rTtmwxT4hbxXaGl8HKYj6eY9zN8scJg35lfm/5X8hQRpfl7vVbhedtpkFPUZakc3J2RKilTuewN&#xA;DleTKIudo9BkznbaPewFfzm/Oy7jGoWP5dyfowjkqOlw8zKehU0jLfMR5V4s+5z/AOTtMNjl9Xw/&#xA;H2sp/Lj8+PL3m7UP0JfWsmh+YgSosLg1SRl+0schCHmKboyg+FcnDMJbci4us7LniHEDxQ72ZeeP&#xA;Mj+WfKWqa8kAun06EzLbs3APQgU5ANTr4ZZOVC3D02HxMghdW8e07/nIn8w9Rso9QsPy5vL3T5OR&#xA;S6t/rMkTBGKtxkS3ZdipB8DlAzyPR3E+ycMTRygH4frZt+Wv54+XPO16+kNby6Rr8YZjp1yQ3MJ9&#xA;v0pAF5FO6sqnvSgNLMeUS26uDrOzZ4RxXxQ70d+b/wCZE/5f+WrbWYbFdQa4vUszC8hiADxSycuQ&#xA;V/8AfVKU74cs+EWw7P0Y1EzEmtr+5PdU8yPZeR7vzKIA722mSakLYtQMY7czenyp3pStMkZbW0Qw&#xA;8WUQvnKvtp43pX/OR3n/AFe1N3pP5e3Wo2oYxm4tDczx8xQleccDCoqNsoGeR5B3E+yMMDUsoB86&#xA;/WyLyp+b/wCY+r+YrDTdR/L6/wBLsbqUR3GoSx3QSFSCebF4EX7zko5ZE8nHz6DDCBlHKJEdNv1s&#xA;r/Mb8y7DyLLokupQl9N1O5e2urhN2gATkJOP7QB+0OtOnhk55OGnF0mjOfi4ecR82X21zb3VvFc2&#xA;0qzW8yiSGaMhkdGFVZWGxBHQ5Y4ZBBosB/Nz81LjyF+hfR05L/8AS00kLc5TF6fp8NxRXrX1MqyZ&#xA;OGnP0GhGfis1wpn+Zfm/zJ5X0q1u9B8vT+Yrmef0pbW2WVmjTgzeofSjlNKqB075LJIgbC2vR6eG&#xA;WRE5CAp5Vq3/ADkr550f0f0v5Bn076wStv8AW2uIPUYUqE9SBeRFR0yg55DmHaY+x8U/pyA13V+t&#xA;O9I/On8z7zVbK0ufy21C1trmeKKa6eO7CxI7hWkPK3UUUGu5yQyyv6WnJ2dgESRliSB5frezTTRQ&#xA;QyTzOI4YlLySMaKqqKkk+AGZDpgLNBh/5XfmXp/n3SL2/tY/QezvJbdoSat6VeUEhr05xkV/ygcr&#xA;x5OIOZrdGcEgD1H9rM8scJ5x+XP5s3Hm/wA3+YdAk01LNNDd0S4WUyGXhM0VSpVeP2a9cqhk4iR3&#xA;Ox1egGHHGd3xfqej5a658rfnLYWuv+cdR8y+Z9TbSvLNlK2kaNFDF9YvLt7M0uRbxFo04LMz8pHY&#xA;AGi7nMPKLNnk9T2fI48YhAcUz6j0Avlfw6PN3f8AKcVCQ689Psky2a1+YEbU+85T6fN2X+Ef0PtT&#xA;DR/zTfyxd2Q8n2LaZYW10t1di4lW6ubwqjRBZ5fTiQII5XCqkY4lidzQ5IZK5NeTQ+KD4h4iRXcB&#xA;7n2P5O82aV5r8u2euaY4MF0gLx1BaKSg5xPT9pDsczoyEhYeO1GCWKZhLomt3aWt5azWl3Ek9rcI&#xA;0U8EgDI6OKMrKdiCMkQ1RkQbHN8z+dvKHmr8mtT1DXvJ0UV15b1aP0H+tR/WDZOW5ICGO9DtG7VG&#xA;/FgTSuJOJx7jk9LptRj1kRDJtOPdtf46o38l/MPnL80dYu7PzpMdX8uabEJ3QottE1yXX0Y5VthC&#xA;ky0V24SKw2xxSMzvyYdo4seliDi9Mz8duvO6+D6QAAAAFANgBmW84+OP+clNPitPzKvZIwALvhMQ&#xA;OxMEIb72Bb5k5g5x6nsex53hHl+ssg/5xL8wyW3mrVdBdv3GoWouY1P+/rZwNvmkrV+WS00t6cft&#xA;3FeOM+4/e+p8zHlnzd+RemQ+fvzF8x+fdcUXTWky/o+CUclR5i3pkA/74ijCr869RmJhHFIyL0fa&#xA;czgwxxR2vn+PMvpHMt5x4T/zlB5QtU0az88acv1XW9MuYUnuovhd42NImJH7cUgXifA/LMbUR2vq&#xA;73sXUHiOI7xkGS+c9dfX/wDnHq81qSnrX+jxzTgUoJWCeoBTweuTkbhfk42nxeHrBHukiv8AnHX/&#xA;AMk55f8A+jz/AKjp8OD6Aw7W/wAZl8P9yHnf50Q22nfnv5JvtKURardy2huxFs0lbr0lLgdeaFkJ&#xA;7gUyrLtMU7Hs4mWlyCX0i/uZB/zlp/5LnTv+2xD/ANQtzktT9PxcfsL++P8AV/SGbeZf/JLar/4D&#xA;dx/1ANlkvo+DhYf8Zj/wwf7piX/OK3/kspf+2lcf8m4shp/pcvtz+/8A80fpexZe6d4R/wA5YQrN&#xA;o/lmFiQsmoOjEdaMgG2Y2p5B3vYRqUz/AEUs8h+b9b/KTzWfy/8AOchfy5cOW0TVTtHGsjni9Sfh&#xA;ic/bBPwNv0qcEJGB4TybdVp46vH42L6+o/HX70Z/zlWysvk1lIKm7nII3BB9HDqOjDsP/Ke4fpe/&#xA;ZkugeBf85W/9Md/zGT/8ycxtR0d/2H/H7h+l77mS6B5V/wA5G+b5NF8htpNmSdU8xyfUbeNN3MRp&#xA;65A71UiP/Z5TnlUa73a9kafjy8R+mG/6vx5MB8h6ddflL+b2neX72T/cX5o0+2idyar9d4Bdj4/W&#xA;VdVHZZBlUBwSrvc/VTGr05mPqhI/L+z7n0nmW82+ef8AnHz/AMmx5/8A+M03/UY+YuH6i9D2r/i+&#xA;P8dH0NmU88+RfzN03VvOnlfyv5m8vQSaraW8EthqUFmjSvb3gmaR2kiXky+rz5cqeFeozByAyAIe&#xA;u0U44ck4T9JuxfUV+hLvI3/OOnn7zMBc3sX6B049Jr5GEzf8Y7fZz824jwOCGCR8mzU9r4sew9R8&#xA;v1vQn/5w/tPSonmmQS0HxNZArXv8InB/HLfy3m6/+Xz/ADPt/YyP8sPy289fljqF2GvItb8rXa8r&#xA;m2tg4uY5V+zPHAwIb4dnVH5MKUDEAZPHjlD3ONrdZi1IG3DMfL3W9gs7y2vLWK7tZBLbzqHikHQq&#xA;wqOu+XgunlEg0XXlnaXtpNaXcKXFrcI0c8EihkdGFGVlOxBGJCxkYmxzYJoFla/lzfLopgjj8r6t&#xA;clrDUwKSQ3kx2t7xv2+f2YZjv0Rt6E1RHDt0c/LI6gcX8cRuPLvH6R8XoOWuvfF3/OQ2pxX/AOZW&#xA;qNGarDN6KfKGCGFz1P8Au6KQfRmBnNyez7Jhw4R+OpP3Up/846yvH+cOghTQSC7Rx4j6nMf1gYMH&#xA;1hPaw/weXw+8PtXNg8W+bPyd1W3/ACz/ADL8w+R9fcWlrqEqfo27l+GNjGzegeR2Amjk6n9oU65i&#xA;YjwSIL0naEDqcEcsNyOf6fk+k8y3m3gv/OTHnK3vbGy8gaM317W9RuomuraE82RVP7qJqdHkkKkD&#xA;sBv1GY2eX8I5u+7G05iTmltEBlnnjQT5f/5x/vtEZg76fpEdvK69GkQIHYfNqnJzFQrycTTZfE1Y&#xA;l3yeW/llcf8AOQqeQNPHlG3s28vqtwbGST6uZT+/kMm0jcq+rypUfhlOPj4duTtNaNH4x8Qnj2vn&#xA;3Iz/AJx90u083+ctS82eatSmv/N+lyfBp9wgT0wRwE9NvsGqBFUCM08Vw4RxGzzYdqzOHGMeMVjl&#xA;1/R+ObKf+ctP/Jc6d/22If8AqFucnqfp+Li9hf3x/q/pDNvMv/kltV/8Bu4/6gGyyX0fBwsP+Mx/&#xA;4YP908L/ACV/J3/F/k99W/xFqGlcbuWD6taNSM8FQ8uo3PLMfFi4hdu87R7Q8HJw8MZbdXs35efl&#xA;D/g3Wp9U/wAQ3+retbNbfVrtqovKRH5jc/EPTp9OXwxcJu3TavX+NHh4RHe9mHf85U/8c3yr/wBt&#xA;I/8AERkNR0czsT6p/wBV6X+Yv5e6L568vSaTqQ9OZavY3qgGSCWmzLXqp6Mvce9CLZwEhTrdJq5Y&#xA;J8UfiO98oecr3zfpY0nyF5qiLXXl68D6bd1JBtJqAKjbc46oChO43XalBhSJHpPR6vTxxy4suPlM&#xA;b+99sZsHingX/OVv/THf8xk//MnMbUdHf9h/x+4fpe+5kugfLfnP8x/LF9+fsGoa9K58ueVWMNqs&#xA;Ser6lzASS1B/y8d+4QZhymDPfkHqNPo5x0hEPrn939n3tfnp+av5e+dND0+XRLi5TX9KuRLaSPC0&#xA;f7t9pF512PJUYfLHNkjIbc17M0ObDI8QHBIPf/y283xebvJWl66pHr3EQS8QUHG4j+CYU7fGpI9i&#xA;MyccuIW6DWafwsph8vc8f/5x8/8AJsef/wDjNN/1GPlGH6i7jtX/ABfH+Oj6GzKeefIf5KDX9O/P&#xA;A6DbX01nbi7vE1O3Q0SUWiyni8Zqp+JaV6rXbMHFYnT13aPBLS8ZFmhXxp9eZnPIuxVh3+JdXnSL&#xA;SoJI01M6y+jz3vEEIkVs996ojJp6j2yKKdA7VpxFMr4jy83M8GI9R+nh4q+PD9/2Kvli9F5LDqOl&#xA;usVpqqC9k0+dmMjQOSI71AnwwtP9po+NH61VudTE9yM0a9Mucdr/AEedfjoyzJuIhNW0rT9X0y50&#xA;zUYVuLK7jaK4hboysKfQe4I3B3wEWzxzMJCQ5hhmnedG8veStdl8wTGe98oSSWVxPIQHugqJJZOT&#xA;05zxTRV/yycrE6Bvo5k9N4mWPByyb+7v+VF8XaxqFzquqTXUhMs87lmYCpeSRiztTf7cjM1PfMAm&#xA;y9njgIxp7l+V35Sa15P/ADU8oyapPE99cWt9fXVlF8X1eNYDCgdq1LF56H4eNRsW7ZOPGYyFuj1u&#xA;vjmwT4RsCBffvf6H07mW8yxD8w/ys8qee7NItYhaO8gBFrqMBCzxg78akEMlf2WB9qHfITxiXNzN&#xA;JrcmA+nl3PN0/wCcePPltGLGw/MjUINKA4LbAXCqqHYr6aXIQ7fLKfAl/Odj/K2I7nFHi+H6mZfl&#xA;x+R3lLyTcfpJDJqmukEfpK6AqnLZvRjFQnLualu1aE5ZDEI+9w9Z2lkzDh+mPcGVedfLf+JvKup6&#xA;B9Z+qfpGEw/WeHq8KkGvDknLp/MMnONinF02bwsgnV0h/wAuvJ3+DfJun+W/rf1/6h63+l+n6PP1&#xA;p3m/u+UlKepT7WCEeEUy1eo8bIZ1V/qpi+ofkwF/MuHz35f1f9D3TMH1Gx+r+vFcltpqkSxcfVX7&#xA;Wx+L4uuROL1cQcmHaP7jwpx4h0N8vs6Jt+bX5bf8rB8uW2jfpH9GfV7xLz1/R+scuEUkfDj6kVK+&#xA;rWte2HJj4hTVoNZ+XmZVxbV3J1qflv675KuvLP1n0/rWmyab9b4cuPqQGD1PT5CtK148vpyRjtTT&#xA;DNw5ROuUr+23jun/APOMPmLTYPq+nfmFeWduWLmG3tpYk5HYnil4BXbKBpyOruJ9tQkbOIH4/wDH&#xA;U40H8hvN2ma5p2pT/mHqF7BY3UNzLZPHMEmSKRXaJibtxRwvE1U/LJDCQebTl7UxyiYjFEWOe3/E&#xA;sr/NT8sP8e22lQ/pP9G/oy5Nzy9D1/UqAONPUi49Ou+TyY+JxNDrfAJNXxCubOsscFhv5lfljo3n&#xA;nT7dLk/VtTsZBLYagqhmQggtGw25RvTcV675XkxiTmaPWywE1vE8wzLLHDYD+a35Vf4//Q/+5T9G&#xA;/omaSb+49f1PU4bf3kXGnp++VZMfFTn6HXeBxbXxedM31CG6nsLmG0nFrdyxOlvdFPUEUjKQknCq&#xA;8uLb0qK5YXCgQCCRYYV+Vv5S6b5F0i6s5bhdXvLy4M89/LAI2I4hVTiXl2Xc/a6k5DHj4Q5ut18s&#xA;8ga4QBytl15oWj3lpPaXFnC8FxG0Uq8FFUdSrDp4HJkBxI5ZA2CxD8pfyvuvy9sdQ0/9NHVLC8mW&#xA;4t4Wt/QML04ueXqycuahK7D7OQx4+Hq5ev1o1BB4eEjz/Ywa6/5xn1c69qer6b53uNLfUriWeRLa&#xA;1dCBLIZOBdLpOXHl4ZV4Bu7c6PbMeARljEqHf+xWg/5x585xTxyN+ZeouqMrFDFPRgDWn+9h64fA&#xA;P85B7Wxkf3Ufs/4lgf5oev8Alx+flt5rihL2N5IuoBRtyWVTDeID05mrn/ZDKsnonbnaKtRpDj6j&#xA;b9IfT+i6zpmt6Vbarpdwt1YXaCSCZDUEHsfAg7EHcHbMwGxYeYyY5QkYyFEIbzT5q0Pytos+sa1c&#xA;rbWcA77vI9PhjjX9p27D+GCUgBZZ4MEssuGIsvEfyw/5yB8n3Or6nD5kgGlT6jqUuo2d89HgQyRL&#xA;bojsADG6woE59DvUrmPjzC93da3srIIgwPFUar7fve5aPYaLFHFd6UUa2e2htoZIX9SM29uXMIVg&#xA;WBC+q1KHvmSAOjo8kpHaXO7+JRV9f29lEJJuR5HjHHGjSSOx3oiIGY7bnbYbnYYksYxJ5JVYecNO&#xA;uL2axvLe50m7hie59O/jESvBEQJJY5VZ4mVOa8qPVaioFcAk2y05AsESHl3/AHvOWsPIXmx9S1rz&#xA;brFpD5f1S7+sWmlS3i2gkjt4Utreed1kjk3WNpUSopz+LcbVVGW5OzseLLiqOOJ44jnV89yB93wS&#xA;O5tP+cWfKd7HrNvNDd3llIs1rbWl1PffvUNU4qJHjNCKjm3HI1jju3iWvyjhOwPeAGX/AJTeYL7z&#xA;3rWqefLi0+pacsY0jQrdqGT0VcTXEjvQVLycBtsONN6VM8cuI8Tia7EMERiBs/VL9D1DLnVsA8q/&#xA;m1b+YPzF1vyWmmvby6Mk7temUOsnoTRw0CBQVr6teuVRyXIhz8+gOPDHLf1Vt7xaZXH5k6JafmGn&#xA;km+/0a9ubWO5sLlmHpzO7ODD0HF/gqv83TrSsvEHFTWNHI4fFG4Bo/rZbk3EYTf/AJnQWn5p6d5A&#xA;Ons82o27XI1D1AFQLFNJx9PjU/3FPtd8rOT1cLmx0ROA5r5Hl8v1oj8yvzM0HyDo8d/qYeee5Yx2&#xA;NjFT1JWUAtudlVajk38cOTIIjdjo9HPPKo9OZecr/wA5K6vp8kNx5m8i6hpGj3LAQ3xMh2O/wiWG&#xA;BJNt9nGVeORzDsf5HjLaGSMpDp+CXo3mz8xLbR/JcPmvSrKTXrS59E20NsSrPHPuH+y5FO4K5bKd&#xA;Cxu67BpDPL4cjwkd7zK7/wCcqJbOMS3nku9tomPEPNMY1LEE0q0I32yk6jydnHsS+WQH8e9WX/nJ&#xA;y/dQy+RdRZWFVYSMQQe4/cY/mPJH8jD/AFSP4+LO/wA2PzUt/wAvNPsLybTn1EX0zQhElEXHgvKt&#xA;Sr1y3Jk4XA0OhOoJANUr/mZ+Ydx5JsbK6h0W41o3crRGK2JUx8V5cjRJOuOSfD0Y6PSDMSDIRp5t&#xA;df8AOVTWjRrdeTb23aYkRLLPwLkUqF5QivUdMq/MeTso9h3yyD5ftTbQf+chr/Vdd07S28l6harf&#xA;3UNq107sUiE0ip6jfuV2XlU75IZ7NU1ZeyRCJl4kTQv8bsn81fm1b+X/AMxdE8lvpr3EuspA63ol&#xA;CLH680kNChUlqelXrkpZKkA4uDQHJhllv6b29wtn+WuAwXSfzTt9R/M/U/Ia6c8cumwmZr8ygq9F&#xA;jagj4gj+9/m7ZWMly4XOyaExwDLfPoxvzX+ft9oPmK/0dPJ99fpZSmJbyJ2CSUAPJQIW8fHISzUa&#xA;pycHZYyQEuMC/wAd6Q2//OVZuZZIbbybeTTRbSxxz82Shp8QEJI38cj+Y8m89h1ucg+X7XoX5Yfm&#xA;bc+eP0n62g3Oifo/0OP1li3q+v6leNUj+x6W/wA8tx5OLo6/W6MYKqQld8mAp/zlK0888Vn5OvLs&#xA;W7mORoZ+YBBIFeMJpWmVfmPJzz2JQFzA/HvRFv8A85K6jLPHEfIuooJGVeRdqCppX+4w+P5IPY8Q&#xA;P7yP4+LLPzy/Lc+d/JzxWaA63ppNzph2Bc0pJBU/79Ubf5QXtk80OIOJ2ZrPAyb/AEy2P61D/nHm&#xA;z0Oz/LSyg0yczXPqSPq6OCskV81BLE6HdeAVVHiBy744QOHZPa0pHOTIbdPc+b/zzvvO83n7ULbz&#xA;TI9beRv0bCKi2Fqx/dvAp2oyj4j1r9rcZiZieLd6TsyOIYgcfx7783nmVOwTXRfNfmfQyf0Nq15p&#xA;wbd1tp5Ilb/WVSAfpyQkRyasmCE/qiD7w+0vypvNZh/LLTtW816g013PA9/dXdyQPTgcmSPkdqBY&#xA;eJNcz8ZPDZeM10YnOY4xtdbfjvfL35yfmzfed/Mchs5ZINAtA9vYW4JQyRsyl5JQOpkKKeJ6ADvm&#xA;HlycR8np+z9CMEN/rPN5zlTsU98leT9W83+Y7TQtLSs9w1ZZiCUhiBHOV/8AJUfedhuclCJkaDRq&#xA;dRHDAzl0fd/lry9p3l3QbHRNOThZ2EQiiB6mm7O3+U7Es3uc2UY0KeFzZTkmZS5lMsLU+efyl/8A&#xA;Wk/PP/GG/wD+o63zFx/3heh1/wDiWP8Azf8AclJ/zy8r6j5o/POw0TTZRDqFxpYktHY8R6tvHczq&#xA;vL9nkYuNe1a5HNG503dmZhi0plLkJffQeg/kp+btxrrSeUfNVbXzhppeJhKOBuVh2ao/38lPjXv9&#xA;od6W4st7Hm6/tHQCH7zHvjP2fsSjzB/61j5a/wC2bJ/1C3mCX96G3F/iE/636Yt/85M6FrXLy35t&#xA;sLQ31r5fnd763ALBVLxyq7gV/dn0irnttjnB2PcvY2WPrxk0ZjZlnlf82fyx/MWxGlTvELm5C+to&#xA;mpKoLspDAJyrHL8S1HE18QMnHJGWziZ9Dn054hyH8Q/Gz0WOOOKNY41CRoAqIoAUKBQAAdAMtdcT&#xA;bxb/AJy0/wDJc6d/22If+oW5zH1P0/F3XYX98f6v6Q9Z8tf8o5pX/MHb/wDJpcvjydTm+s+8vFP+&#xA;cu/+Uc0D/mMl/wCTWY+p5B3fYP1y9z33Ml0DwL/nJ3/lI/y8/wCYy5/5O2eY2o5h3/Yv0ZfcP989&#xA;9zJdA+efza/9aT8jf8YbD/qOuMxcn94HodB/iWT/ADv9yH0NmU888C8of+tU+aP+YN/+TdtmNH+8&#xA;Lv8AUf4hD3/re+5kugfPP/OPn/k2PP8A/wAZpv8AqMfMXD9Reh7V/wAXx/jo+hsynnngX/OKX/TY&#xA;/wDMZB/zOzG0/V3/AG5/B7j+h77mS6B2KvIfzP8Ays8yJqc3nT8ub2TTfMbANqNjE/CO947huJ/d&#xA;l/FXHFvn1oyYzzjzdvotbDh8LMLh0Pc35PvvLn5weVp9M856TGnmTR3NvqNuUaGeF2+zNCT+8jD8&#xA;fiWv2gQRSmMSJijzXURnpMglil6Jcu584fmr+XF75C80PpUshuLGZfX067IoZISSKNTbmhFG+/vm&#xA;Lkhwmno9DrBnx8XXqkvk7TbPVPNui6belhZ3t9bW9xwBLFJZVRgtO5BpkYiyG7UTMccpDmAXt/8A&#xA;zk9+Y93FdL5B0sG2sYY4pdTZfh9TkA8UK0/3Wq8WPiaeG+RqJ/wh0nYujBHjS3PT9b54zFehT3yf&#xA;5K8x+b9WTS9CtGuJzQzSmoihQn7cr0oq/iegqclGBkaDRqNTDDHimafZX5V/lXo3kDRmt7dvrWqX&#xA;XFtR1FlozsOiIP2Y17D6TmfjxiIeN12ulnlZ2iOQZvljhOxV88/lL/60n55/4w3/AP1HW+YuP+8L&#xA;0Ov/AMSx/wCb/uSmXmD/ANax8tf9s2T/AKhbzJS/vQ1Yv8Qn/W/TFOfzr/KGfzAE81+V62vnDTOM&#xA;sZhIQ3IiIKjltSVKfA3f7J7UOXHe45tPZ2vGP93k3xy+z9jzD8vvO9/5x/PzypqWpQfV9UtrO4sr&#xA;9acQ00FrdcnC/s8gwqvY1yqE+KYdpq9MMOknGJ9JII+cX0k/nDyuvmRPLDalB+npI2lGnBqycFUM&#xA;eVNlPE8gpNSu4FMyuIXXV5safJwcdenvedfm5+R3knVdB1PW7C2j0fWrKCW7W5twIoZDEpkImjFE&#xA;+Kh+MUI6mvTKsmIEW7HQdpZYTESeKJNI3/nHPzbq/mT8uUl1WVri6066ksBdSEtJKkaRyIzsepAl&#xA;417033w4JEx3Ydr4I483p5EWkn/OWn/kudO/7bEP/ULc5HU/T8W7sL++P9X9Ies+Wv8AlHNK/wCY&#xA;O3/5NLl8eTqc31n3l4p/zl3/AMo5oH/MZL/yazH1PIO77B+uXue+5kugeBf85O/8pH+Xn/MZc/8A&#xA;J2zzG1HMO/7F+jL7h/vnvuZLoHzx+dLpp/5/+RdVu2EVjws42mbZVMd7KXJPSiiVScxcu0wXoezv&#xA;VpMkRz3+4PofMp558/fl9PHqP/OTvmy9s/3trDbTRySinENGbeFt/wDXQ0zGhvkL0GrHDoYA87/W&#xA;X0DmS8++ef8AnHz/AMmx5/8A+M03/UY+YuH6i9D2r/i+P8dH0NmU88+Sfya/L/zL5rm8xSaN5uvf&#xA;LC2l0izR2YlImLmQqW9Oe3+zxNK165hYoGV0aet7Q1UMQjxQE7HX+wvYvKP5Q+d9E8xWWq6h+Ymp&#xA;6zZ2rM02mXAuPSmDIygNzupV2Lct1PTL44iDdumz6/FOBiMUYk9dv+JeqZc6t2KpLqvlLSb+/XVE&#xA;DWOtRxmKPVrTilwEYU4MWVklTuFkVlB3pXImIO7dDPKI4ece48vx7nln5v8A5P8A5g+cdPsYk1Kw&#xA;1KfTZJnt7iaNrO4aKYKDEwjEkTmqA8vgHtlOXFKTtez+0MOEnYi/iP1/e8hsvyF/OrR9WtdQstEV&#xA;rmwnjuLaZLq0K+pEwdDRplbZl7jKBhmDydvLtTTTiQZbEdx/U968y6DqPnjylcWmueRfqfmK5gMa&#xA;XclxYlIZlH7uRbmKSSfirUPH0/Y7ZkyHENxu6HDlGDIDHJcAe6X3cvtYR5S/5xKtYpI5/Ner/WeN&#xA;C1jp4KISOxnkHMg+yKffK46bvc3P26TtjjXmf1PdvL3lrQfLunJp2iWMVhZpuIohSp/mdjVnb/KY&#xA;k5kxiBydHlzTyHikbKZYWp2KuxV5p5N/KfUNA/NPzB5zmv4Z7XWUuEitEVhInr3Ecw5MdjQRUymO&#xA;OpEuy1GuGTBHEBvGvsCK1L8s767/ADj0rz8t7Etnp9q1s9kVb1GLQzx1DfZ6zg/RhOP18TGGsA0x&#xA;xVuTz+X6noOWuvYFe/lNpZ/NDSfPumstpdW5nGq2wWi3Hq28sSyrTpIGkHL+Yb9etZxji4nPjrpe&#xA;BLFLcGq8twhPzQ/JbTfOd3BrNjeyaL5mtABDqUIJDhN0EgUo3JT9l1YEe+1BkxcW/Vnou0ZYQYkc&#xA;UD0Yfffkx+dOuWo0jX/PaS6KxpMkYkZ3QGtHXjD6nydzlZxTOxLlx7R00DxQx+p635J8m6R5P8uW&#xA;2haUG+r29WeWQ1klkc1eRyO7H7htl8IiIoOp1OolmmZy5pB+cv5c3vn/AMsWuj2d5HZS297HeGWZ&#xA;WZSqRSx8aLvWstcjlhxCnI7P1YwTMiL2r7mZaVZtZaXZ2bMHa2gjhZx0JjQLUfdkwNnCnLikT3sD&#xA;/On8rb/8wdL02zs76KxaxneZ3mVmDBk40HHK8uPiDn9na0aeRJF29Gy11zzn82fytv8Azvqnlq8t&#xA;b6KzXQp5ZpUlVmMgkeFgF49KegevjlWTHxEeTsdDrRhjMEXxft/W9Gy11zEPzM/LLRPP+iJp+oM1&#xA;vdWzGSwv4wGeF2ADfCSAyNQclrv4g75DJjEg5mj1ksErG4PMPM0/Jn88YrUaVD5/46SqiJKPcCUR&#xA;AUoKDkKDanqdMp8KfK3ZfyjpSeLw/V8Px9j0T8rfyp0T8v8ATJoLSVr3Ubwq19qEihWfhXiiKK8E&#xA;FSaVJr1PhbjxiIddrddLUSs7AcgzfLHCeaflr+U+oeUfOPmPX7m/huodbeR4oY1ZWj5ztL8ROx2a&#xA;m2U48fCSXZazXDLjhACuH9T0vLnWvnvTP+cefzL0We8fQvOi6ZHeyepMlv68fIgkry4kVpyOYowy&#xA;HIvQT7WwTA48fFXuTD/lT354f+XHm/5GXP8AXJeFP+c1/wAoaX/Uvuf/2Q==</xmpGImg:image>
               </rdf:li>
            </rdf:Alt>
         </xmp:Thumbnails>
      </rdf:Description>
      <rdf:Description rdf:about=""
            xmlns:xmpMM="http://ns.adobe.com/xap/1.0/mm/"
            xmlns:stRef="http://ns.adobe.com/xap/1.0/sType/ResourceRef#"
            xmlns:stEvt="http://ns.adobe.com/xap/1.0/sType/ResourceEvent#">
         <xmpMM:InstanceID>xmp.iid:2fb41731-c56c-4712-8ddb-d4759bfd2e07</xmpMM:InstanceID>
         <xmpMM:DocumentID>xmp.did:2fb41731-c56c-4712-8ddb-d4759bfd2e07</xmpMM:DocumentID>
         <xmpMM:OriginalDocumentID>uuid:5D20892493BFDB11914A8590D31508C8</xmpMM:OriginalDocumentID>
         <xmpMM:RenditionClass>proof:pdf</xmpMM:RenditionClass>
         <xmpMM:DerivedFrom rdf:parseType="Resource">
            <stRef:instanceID>xmp.iid:ce35a673-8816-44a7-a250-1bcc148ff29e</stRef:instanceID>
            <stRef:documentID>xmp.did:ce35a673-8816-44a7-a250-1bcc148ff29e</stRef:documentID>
            <stRef:originalDocumentID>uuid:5D20892493BFDB11914A8590D31508C8</stRef:originalDocumentID>
            <stRef:renditionClass>proof:pdf</stRef:renditionClass>
         </xmpMM:DerivedFrom>
         <xmpMM:History>
            <rdf:Seq>
               <rdf:li rdf:parseType="Resource">
                  <stEvt:action>saved</stEvt:action>
                  <stEvt:instanceID>xmp.iid:df0b57e8-9c29-4926-9425-f5aa5324ddbe</stEvt:instanceID>
                  <stEvt:when>2014-06-09T15:14:53-04:00</stEvt:when>
                  <stEvt:softwareAgent>Adobe Illustrator CC (Macintosh)</stEvt:softwareAgent>
                  <stEvt:changed>/</stEvt:changed>
               </rdf:li>
               <rdf:li rdf:parseType="Resource">
                  <stEvt:action>saved</stEvt:action>
                  <stEvt:instanceID>xmp.iid:ce35a673-8816-44a7-a250-1bcc148ff29e</stEvt:instanceID>
                  <stEvt:when>2014-07-28T03:48:36-04:00</stEvt:when>
                  <stEvt:softwareAgent>Adobe Illustrator CC (Macintosh)</stEvt:softwareAgent>
                  <stEvt:changed>/</stEvt:changed>
               </rdf:li>
               <rdf:li rdf:parseType="Resource">
                  <stEvt:action>converted</stEvt:action>
                  <stEvt:parameters>from application/postscript to application/vnd.adobe.illustrator</stEvt:parameters>
               </rdf:li>
               <rdf:li rdf:parseType="Resource">
                  <stEvt:action>converted</stEvt:action>
                  <stEvt:parameters>from application/postscript to application/vnd.adobe.illustrator</stEvt:parameters>
               </rdf:li>
               <rdf:li rdf:parseType="Resource">
                  <stEvt:action>saved</stEvt:action>
                  <stEvt:instanceID>xmp.iid:2fb41731-c56c-4712-8ddb-d4759bfd2e07</stEvt:instanceID>
                  <stEvt:when>2014-07-28T13:37:12-04:00</stEvt:when>
                  <stEvt:softwareAgent>Adobe Illustrator CC (Macintosh)</stEvt:softwareAgent>
                  <stEvt:changed>/</stEvt:changed>
               </rdf:li>
            </rdf:Seq>
         </xmpMM:History>
      </rdf:Description>
      <rdf:Description rdf:about=""
            xmlns:illustrator="http://ns.adobe.com/illustrator/1.0/">
         <illustrator:StartupProfile>Print</illustrator:StartupProfile>
      </rdf:Description>
      <rdf:Description rdf:about=""
            xmlns:pdf="http://ns.adobe.com/pdf/1.3/">
         <pdf:Producer>Adobe PDF library 11.00</pdf:Producer>
      </rdf:Description>
   </rdf:RDF>
</x:xmpmeta>
<?xpacket end="r"?>]]></Contents>
					</Properties>
				</MetadataPacketPreference>
				<Link Self="u312" AssetURL="$ID/" AssetID="$ID/" LinkResourceURI="file:Z:/Marketing/Branding%3B%20logo%2C%20fonts/Brand%20Identity%20Website/Logos/OI%20Main%20Preferred%20Logo/Web%20RGB%20Jpg/OI_MAIN_Maroon_RGB_Main%20Logo.jpg" LinkResourceFormat="$ID/JPEG" StoredState="Normal" LinkClassID="35906" LinkClientID="257" LinkResourceModified="false" LinkObjectModified="false" ShowInUI="true" CanEmbed="true" CanUnembed="true" CanPackage="true" ImportPolicy="NoAutoImport" ExportPolicy="NoAutoExport" LinkImportStamp="file 130510445142333927 148705" LinkImportModificationTime="2014-07-28T13:08:34" LinkImportTime="2014-08-04T15:48:52" LinkResourceSize="0~244e1" />
				<ClippingPathSettings ClippingType="None" InvertPath="false" IncludeInsideEdges="false" RestrictToFrame="false" UseHighResolutionImage="true" Threshold="25" Tolerance="2" InsetFrame="0" AppliedPathName="$ID/" Index="-1" />
				<ImageIOPreference ApplyPhotoshopClippingPath="true" AllowAutoEmbedding="true" AlphaChannelName="$ID/" />
			</Image>
		</Rectangle>
		<TextFrame Self="u143" ParentStory="u131" PreviousTextFrame="n" NextTextFrame="n" ContentType="TextType" ParentInterfaceChangeCount="" TargetInterfaceChangeCount="" LastUpdatedInterfaceChangeCount="" OverriddenPageItemProps="" HorizontalLayoutConstraints="FlexibleDimension FixedDimension FlexibleDimension" VerticalLayoutConstraints="FlexibleDimension FixedDimension FlexibleDimension" FillColor="Color/Paper" StrokeWeight="1" GradientFillStart="0 0" GradientFillLength="0" GradientFillAngle="0" GradientStrokeStart="0 0" GradientStrokeLength="0" GradientStrokeAngle="0" ItemLayer="uaf" Locked="false" LocalDisplaySetting="Default" GradientFillHiliteLength="0" GradientFillHiliteAngle="0" GradientStrokeHiliteLength="0" GradientStrokeHiliteAngle="0" AppliedObjectStyle="ObjectStyle/$ID/[None]" Visible="true" Name="$ID/" ItemTransform="1 0 0 1 104.77884239799585 -24.627356181512653">
			<Properties>
				<PathGeometry>
					<GeometryPathType PathOpen="false">
						<PathPointArray>
							<PathPointType Anchor="-77.7788423979959 -48.81264381848736" LeftDirection="-77.7788423979959 -48.81264381848736" RightDirection="-77.7788423979959 -48.81264381848736" />
							<PathPointType Anchor="-77.7788423979959 58.627356181512724" LeftDirection="-77.7788423979959 58.627356181512724" RightDirection="-77.7788423979959 58.627356181512724" />
							<PathPointType Anchor="481.17115760200414 58.627356181512724" LeftDirection="481.17115760200414 58.627356181512724" RightDirection="481.17115760200414 58.627356181512724" />
							<PathPointType Anchor="481.17115760200414 -48.81264381848736" LeftDirection="481.17115760200414 -48.81264381848736" RightDirection="481.17115760200414 -48.81264381848736" />
						</PathPointArray>
					</GeometryPathType>
				</PathGeometry>
			</Properties>
			<TransparencySetting>
				<DropShadowSetting Mode="Drop" XOffset="0.72" YOffset="0.72" />
			</TransparencySetting>
			<FillTransparencySetting>
				<BlendingSetting Opacity="48" />
			</FillTransparencySetting>
			<TextFramePreference TextColumnFixedWidth="522.95" TextColumnMaxWidth="0">
				<Properties>
					<InsetSpacing type="list">
						<ListItem type="unit">18</ListItem>
						<ListItem type="unit">18</ListItem>
						<ListItem type="unit">18</ListItem>
						<ListItem type="unit">18</ListItem>
					</InsetSpacing>
				</Properties>
			</TextFramePreference>
			<TextWrapPreference Inverse="false" ApplyToMasterPageOnly="false" TextWrapSide="BothSides" TextWrapMode="None">
				<Properties>
					<TextWrapOffset Top="0" Left="0" Bottom="0" Right="0" />
				</Properties>
			</TextWrapPreference>
			<ObjectExportOption AltTextSourceType="SourceXMLStructure" ActualTextSourceType="SourceXMLStructure" CustomAltText="$ID/" CustomActualText="$ID/" ApplyTagType="TagFromStructure" CustomImageConversion="false" ImageConversionType="JPEG" CustomImageSizeOption="SizeRelativeToPageWidth" ImageExportResolution="Ppi300" GIFOptionsPalette="AdaptivePalette" GIFOptionsInterlaced="true" JPEGOptionsQuality="High" JPEGOptionsFormat="BaselineEncoding" ImageAlignment="AlignLeft" ImageSpaceBefore="0" ImageSpaceAfter="0" UseImagePageBreak="false" ImagePageBreak="PageBreakBefore" CustomImageAlignment="false" SpaceUnit="CssPixel" CustomLayout="false" CustomLayoutType="AlignmentAndSpacing">
				<Properties>
					<AltMetadataProperty NamespacePrefix="$ID/" PropertyPath="$ID/" />
					<ActualMetadataProperty NamespacePrefix="$ID/" PropertyPath="$ID/" />
				</Properties>
			</ObjectExportOption>
		</TextFrame>
		<TextFrame Self="u293" ParentStory="u296" PreviousTextFrame="n" NextTextFrame="n" ContentType="TextType" ParentInterfaceChangeCount="" TargetInterfaceChangeCount="" LastUpdatedInterfaceChangeCount="" OverriddenPageItemProps="" HorizontalLayoutConstraints="FlexibleDimension FixedDimension FlexibleDimension" VerticalLayoutConstraints="FlexibleDimension FixedDimension FlexibleDimension" StrokeWeight="1" StrokeColor="Color/Black" GradientFillStart="0 0" GradientFillLength="0" GradientFillAngle="0" GradientStrokeStart="0 0" GradientStrokeLength="0" GradientStrokeAngle="0" ItemLayer="uaf" Locked="false" LocalDisplaySetting="Default" GradientFillHiliteLength="0" GradientFillHiliteAngle="0" GradientStrokeHiliteLength="0" GradientStrokeHiliteAngle="0" AppliedObjectStyle="ObjectStyle/$ID/[Normal Text Frame]" Visible="true" Name="$ID/" ItemTransform="1 0 0 1 158.54000000000008 99.9885714280218">
			<Properties>
				<PathGeometry>
					<GeometryPathType PathOpen="false">
						<PathPointArray>
							<PathPointType Anchor="-122.04000000000009 42.72000000000003" LeftDirection="-122.04000000000009 42.72000000000003" RightDirection="-122.04000000000009 42.72000000000003" />
							<PathPointType Anchor="-122.04000000000009 98.23142857197823" LeftDirection="-122.04000000000009 98.23142857197823" RightDirection="-122.04000000000009 98.23142857197823" />
							<PathPointType Anchor="87.19999999999983 98.23142857197823" LeftDirection="87.19999999999983 98.23142857197823" RightDirection="87.19999999999983 98.23142857197823" />
							<PathPointType Anchor="87.19999999999983 42.72000000000003" LeftDirection="87.19999999999983 42.72000000000003" RightDirection="87.19999999999983 42.72000000000003" />
						</PathPointArray>
					</GeometryPathType>
				</PathGeometry>
			</Properties>
			<TextFramePreference TextColumnFixedWidth="208.23999999999992" TextColumnMaxWidth="0" VerticalBalanceColumns="true" />
			<TextWrapPreference Inverse="false" ApplyToMasterPageOnly="false" TextWrapSide="BothSides" TextWrapMode="None">
				<Properties>
					<TextWrapOffset Top="0" Left="0" Bottom="0" Right="0" />
				</Properties>
			</TextWrapPreference>
			<ObjectExportOption AltTextSourceType="SourceXMLStructure" ActualTextSourceType="SourceXMLStructure" CustomAltText="$ID/" CustomActualText="$ID/" ApplyTagType="TagFromStructure" CustomImageConversion="false" ImageConversionType="JPEG" CustomImageSizeOption="SizeRelativeToPageWidth" ImageExportResolution="Ppi300" GIFOptionsPalette="AdaptivePalette" GIFOptionsInterlaced="true" JPEGOptionsQuality="High" JPEGOptionsFormat="BaselineEncoding" ImageAlignment="AlignLeft" ImageSpaceBefore="0" ImageSpaceAfter="0" UseImagePageBreak="false" ImagePageBreak="PageBreakBefore" CustomImageAlignment="false" SpaceUnit="CssPixel" CustomLayout="false" CustomLayoutType="AlignmentAndSpacing">
				<Properties>
					<AltMetadataProperty NamespacePrefix="$ID/" PropertyPath="$ID/" />
					<ActualMetadataProperty NamespacePrefix="$ID/" PropertyPath="$ID/" />
				</Properties>
			</ObjectExportOption>
		</TextFrame>
		<TextFrame Self="u2e2" ParentStory="u2d0" PreviousTextFrame="n" NextTextFrame="n" ContentType="TextType" ParentInterfaceChangeCount="" TargetInterfaceChangeCount="" LastUpdatedInterfaceChangeCount="" OverriddenPageItemProps="" HorizontalLayoutConstraints="FlexibleDimension FixedDimension FlexibleDimension" VerticalLayoutConstraints="FlexibleDimension FixedDimension FlexibleDimension" GradientFillStart="0 0" GradientFillLength="0" GradientFillAngle="0" GradientStrokeStart="0 0" GradientStrokeLength="0" GradientStrokeAngle="0" ItemLayer="uaf" Locked="false" LocalDisplaySetting="Default" GradientFillHiliteLength="0" GradientFillHiliteAngle="0" GradientStrokeHiliteLength="0" GradientStrokeHiliteAngle="0" AppliedObjectStyle="ObjectStyle/$ID/[Normal Text Frame]" Visible="true" Name="$ID/" ItemTransform="1 0 0 1 229.68 -244.80000000000004">
			<Properties>
				<PathGeometry>
					<GeometryPathType PathOpen="false">
						<PathPointArray>
							<PathPointType Anchor="-174.96 -44.640000000000015" LeftDirection="-174.96 -44.640000000000015" RightDirection="-174.96 -44.640000000000015" />
							<PathPointType Anchor="-174.96 44.640000000000015" LeftDirection="-174.96 44.640000000000015" RightDirection="-174.96 44.640000000000015" />
							<PathPointType Anchor="174.95999999999998 44.640000000000015" LeftDirection="174.95999999999998 44.640000000000015" RightDirection="174.95999999999998 44.640000000000015" />
							<PathPointType Anchor="174.95999999999998 -44.640000000000015" LeftDirection="174.95999999999998 -44.640000000000015" RightDirection="174.95999999999998 -44.640000000000015" />
						</PathPointArray>
					</GeometryPathType>
				</PathGeometry>
			</Properties>
			<TextFramePreference TextColumnFixedWidth="349.91999999999996" TextColumnMaxWidth="0" />
			<TextWrapPreference Inverse="false" ApplyToMasterPageOnly="false" TextWrapSide="BothSides" TextWrapMode="None">
				<Properties>
					<TextWrapOffset Top="0" Left="0" Bottom="0" Right="0" />
				</Properties>
			</TextWrapPreference>
			<ObjectExportOption AltTextSourceType="SourceXMLStructure" ActualTextSourceType="SourceXMLStructure" CustomAltText="$ID/" CustomActualText="$ID/" ApplyTagType="TagFromStructure" CustomImageConversion="false" ImageConversionType="JPEG" CustomImageSizeOption="SizeRelativeToPageWidth" ImageExportResolution="Ppi300" GIFOptionsPalette="AdaptivePalette" GIFOptionsInterlaced="true" JPEGOptionsQuality="High" JPEGOptionsFormat="BaselineEncoding" ImageAlignment="AlignLeft" ImageSpaceBefore="0" ImageSpaceAfter="0" UseImagePageBreak="false" ImagePageBreak="PageBreakBefore" CustomImageAlignment="false" SpaceUnit="CssPixel" CustomLayout="false" CustomLayoutType="AlignmentAndSpacing">
				<Properties>
					<AltMetadataProperty NamespacePrefix="$ID/" PropertyPath="$ID/" />
					<ActualMetadataProperty NamespacePrefix="$ID/" PropertyPath="$ID/" />
				</Properties>
			</ObjectExportOption>
		</TextFrame>
	</Spread>
</idPkg:Spread>
